-- MySQL dump 10.13  Distrib 8.0.22, for osx10.16 (x86_64)
--
-- Host: localhost    Database: vk
-- ------------------------------------------------------
-- Server version	8.0.22

/*!40101 SET @OLD_CHARACTER_SET_CLIENT=@@CHARACTER_SET_CLIENT */;
/*!40101 SET @OLD_CHARACTER_SET_RESULTS=@@CHARACTER_SET_RESULTS */;
/*!40101 SET @OLD_COLLATION_CONNECTION=@@COLLATION_CONNECTION */;
/*!50503 SET NAMES utf8mb4 */;
/*!40103 SET @OLD_TIME_ZONE=@@TIME_ZONE */;
/*!40103 SET TIME_ZONE='+00:00' */;
/*!40014 SET @OLD_UNIQUE_CHECKS=@@UNIQUE_CHECKS, UNIQUE_CHECKS=0 */;
/*!40014 SET @OLD_FOREIGN_KEY_CHECKS=@@FOREIGN_KEY_CHECKS, FOREIGN_KEY_CHECKS=0 */;
/*!40101 SET @OLD_SQL_MODE=@@SQL_MODE, SQL_MODE='NO_AUTO_VALUE_ON_ZERO' */;
/*!40111 SET @OLD_SQL_NOTES=@@SQL_NOTES, SQL_NOTES=0 */;

--
-- Table structure for table `communities`
--

DROP TABLE IF EXISTS `communities`;
/*!40101 SET @saved_cs_client     = @@character_set_client */;
/*!50503 SET character_set_client = utf8mb4 */;
CREATE TABLE `communities` (
  `id` int unsigned NOT NULL AUTO_INCREMENT COMMENT 'Идентификатор сроки',
  `name` varchar(150) CHARACTER SET utf8 COLLATE utf8_unicode_ci NOT NULL COMMENT 'Название группы',
  `created_at` datetime DEFAULT CURRENT_TIMESTAMP COMMENT 'Время создания строки',
  `updated_at` datetime DEFAULT CURRENT_TIMESTAMP ON UPDATE CURRENT_TIMESTAMP COMMENT 'Время обновления строки',
  PRIMARY KEY (`id`),
  UNIQUE KEY `name` (`name`)
) ENGINE=InnoDB AUTO_INCREMENT=101 DEFAULT CHARSET=utf8 COLLATE=utf8_unicode_ci COMMENT='Группы';
/*!40101 SET character_set_client = @saved_cs_client */;

--
-- Dumping data for table `communities`
--

LOCK TABLES `communities` WRITE;
/*!40000 ALTER TABLE `communities` DISABLE KEYS */;
INSERT INTO `communities` VALUES (1,'Et culpa perferendis et aut sit. Qui nulla est rem et velit corrupti.','2016-02-03 04:31:05','2020-11-17 18:19:52'),(2,'Qui cumque quod autem delectus sit. Quo id quia omnis debitis ipsam ut. Quam totam qui dolores ut.','2019-02-27 23:53:49','2019-08-08 01:22:05'),(3,'Minima voluptas reprehenderit ad nihil tenetur laborum. Ut sit amet architecto.','2018-02-21 17:31:59','2019-12-15 10:12:51'),(4,'Labore laudantium beatae porro occaecati. Mollitia rerum asperiores et omnis.','2018-08-18 17:30:50','2020-11-17 18:19:52'),(5,'Ab nihil optio ut sed harum deserunt repudiandae. Debitis omnis esse non eos sunt.','2018-02-09 04:06:00','2018-10-07 20:09:44'),(6,'Corrupti quia at omnis quia. Quae nemo ab ut est eaque. Inventore qui et nulla.','2019-03-16 18:47:28','2020-11-17 18:19:52'),(7,'Sapiente alias distinctio assumenda nostrum deserunt. Officiis id dolor ex quasi possimus dolor.','2019-03-12 01:43:01','2020-11-17 18:19:52'),(8,'Id ut accusamus unde voluptatibus. Architecto ut totam necessitatibus laudantium aut.','2015-01-26 05:46:13','2020-11-17 18:19:52'),(9,'Occaecati eaque dolores nostrum dignissimos. Quae facilis sit est asperiores et in.','2019-06-19 14:16:45','2020-11-17 18:19:52'),(10,'Et mollitia laboriosam sunt dolor earum. Molestias autem nemo numquam.','2017-02-20 11:38:16','2019-07-20 04:56:06'),(11,'A sint officia inventore omnis sunt voluptates. Magnam iste ipsum quos. Et neque dolor vitae aut.','2020-10-19 23:40:44','2020-11-17 18:19:52'),(12,'Fuga aperiam non velit. Aut eaque praesentium magnam voluptates aut corporis ullam.','2013-06-12 14:22:38','2020-11-17 18:19:52'),(13,'Ut velit cumque ut. Ipsam iste maxime fugiat quia. Quaerat veniam odit et quas ipsam possimus.','2015-01-20 19:41:26','2020-01-09 01:28:03'),(14,'Eos dolor et ipsa quos deleniti reprehenderit. Et sit fugit vero dolor ea.','2012-06-03 21:46:32','2015-08-21 06:11:09'),(15,'In nostrum excepturi voluptate molestiae. Quia tenetur culpa sit exercitationem et repellat vitae.','2018-09-09 22:43:59','2020-11-17 18:19:52'),(16,'Rem eligendi repellendus quaerat. Quia reiciendis cupiditate nihil est voluptatem.','2018-01-11 23:54:58','2020-11-17 18:19:52'),(17,'Quos enim temporibus aliquid fuga. Error hic similique illum nostrum. Mollitia ut quia sint vel.','2017-10-16 00:38:38','2020-11-17 18:19:52'),(18,'Repellendus optio ut eveniet quia. Iure optio dolore non quo perferendis doloribus pariatur.','2017-06-15 05:59:14','2020-11-17 18:19:52'),(19,'Asperiores et unde iste sit commodi dignissimos. Et distinctio tenetur quo ut eos quasi fuga.','2014-10-17 14:48:58','2015-11-18 16:12:34'),(20,'Minima et quo voluptate et error impedit. Eum minima itaque omnis reiciendis est eius.','2015-01-13 18:45:14','2020-11-17 18:19:52');
/*!40000 ALTER TABLE `communities` ENABLE KEYS */;
UNLOCK TABLES;

--
-- Table structure for table `communities_users`
--

DROP TABLE IF EXISTS `communities_users`;
/*!40101 SET @saved_cs_client     = @@character_set_client */;
/*!50503 SET character_set_client = utf8mb4 */;
CREATE TABLE `communities_users` (
  `community_id` int unsigned NOT NULL COMMENT 'Ссылка на группу',
  `user_id` int unsigned NOT NULL COMMENT 'Ссылка на пользователя',
  `created_at` datetime DEFAULT CURRENT_TIMESTAMP COMMENT 'Время создания строки',
  PRIMARY KEY (`community_id`,`user_id`) COMMENT 'Составной первичный ключ'
) ENGINE=InnoDB DEFAULT CHARSET=utf8 COLLATE=utf8_unicode_ci COMMENT='Участники групп, связь между пользователями и группами';
/*!40101 SET character_set_client = @saved_cs_client */;

--
-- Dumping data for table `communities_users`
--

LOCK TABLES `communities_users` WRITE;
/*!40000 ALTER TABLE `communities_users` DISABLE KEYS */;
INSERT INTO `communities_users` VALUES (1,12,'2019-10-28 15:45:17'),(1,21,'2012-05-30 14:12:00'),(1,34,'2016-04-23 08:29:04'),(1,48,'2019-08-22 23:21:04'),(1,91,'2012-01-04 17:21:47'),(1,100,'2018-01-22 06:48:56'),(2,5,'2017-05-29 03:19:56'),(2,67,'2013-05-02 02:15:26'),(2,98,'2013-01-18 20:56:28'),(3,54,'2020-03-08 04:07:05'),(3,55,'2019-03-31 22:45:06'),(3,64,'2020-02-11 06:19:43'),(3,67,'2015-06-02 20:06:11'),(3,71,'2013-06-19 14:52:05'),(3,78,'2013-02-23 06:05:54'),(3,92,'2012-10-17 08:28:05'),(4,43,'2016-02-03 06:17:08'),(4,64,'2017-10-02 19:01:37'),(4,67,'2018-06-13 07:26:17'),(4,71,'2019-02-11 09:59:24'),(4,82,'2015-03-14 10:17:25'),(4,88,'2019-01-20 06:33:27'),(4,92,'2016-06-15 04:09:41'),(4,98,'2020-02-07 03:16:46'),(4,99,'2016-04-15 06:49:05'),(5,52,'2017-08-15 08:04:29'),(5,78,'2019-08-25 04:17:40'),(5,80,'2017-03-21 17:55:13'),(5,81,'2012-01-02 01:27:57'),(6,3,'2011-10-18 14:17:24'),(6,9,'2015-10-03 01:13:10'),(6,21,'2011-09-08 06:55:27'),(6,29,'2013-08-29 03:53:07'),(6,87,'2012-08-31 06:37:54'),(6,96,'2012-01-07 03:44:39'),(7,4,'2017-02-19 21:14:35'),(7,28,'2017-07-27 17:15:00'),(7,29,'2020-05-13 03:53:25'),(7,44,'2015-03-10 01:35:11'),(7,45,'2013-10-08 14:02:04'),(7,56,'2011-09-02 11:17:51'),(7,92,'2020-07-05 02:55:43'),(8,9,'2013-11-01 22:38:51'),(8,26,'2016-10-14 10:37:57'),(8,36,'2018-03-25 00:51:24'),(8,46,'2013-01-06 03:43:04'),(8,48,'2016-05-24 04:00:53'),(8,69,'2015-12-11 08:02:26'),(8,86,'2017-11-06 16:00:49'),(9,24,'2015-10-09 23:25:20'),(9,38,'2015-02-03 10:27:14'),(9,88,'2016-12-10 11:34:11'),(10,17,'2014-02-10 01:32:00'),(10,91,'2019-05-05 16:47:23'),(10,95,'2013-02-01 20:57:12'),(11,5,'2012-03-13 04:00:47'),(11,17,'2017-08-28 09:05:32'),(11,32,'2010-12-10 11:17:11'),(11,49,'2019-01-19 10:38:23'),(11,54,'2019-08-04 17:59:09'),(11,55,'2016-09-18 02:01:58'),(11,56,'2016-08-20 09:14:39'),(11,83,'2019-04-27 21:24:41'),(12,27,'2015-08-03 22:39:07'),(13,11,'2019-12-18 05:04:34'),(13,23,'2012-08-29 16:05:07'),(13,38,'2018-01-12 02:49:08'),(13,81,'2016-07-14 18:17:01'),(13,93,'2016-01-21 03:30:01'),(14,8,'2015-07-12 13:01:42'),(14,27,'2011-11-12 14:49:15'),(14,70,'2011-03-20 02:05:01'),(14,100,'2011-06-22 15:24:08'),(15,4,'2016-03-21 16:25:11'),(15,25,'2015-11-01 15:02:42'),(15,50,'2013-08-27 08:32:30'),(15,61,'2018-12-07 17:17:50'),(15,63,'2016-09-04 20:06:13'),(15,64,'2018-03-16 10:52:52'),(15,76,'2016-09-12 14:43:50'),(15,79,'2015-07-27 13:05:03'),(16,28,'2012-09-23 11:29:08'),(16,38,'2018-03-07 13:44:12'),(16,50,'2017-07-02 22:28:13'),(17,11,'2016-02-01 08:20:27'),(17,25,'2013-10-14 18:17:09'),(17,35,'2015-07-04 15:49:15'),(17,46,'2011-08-04 15:56:31'),(17,82,'2012-08-07 02:21:02'),(17,90,'2017-04-05 14:46:06'),(18,18,'2020-09-06 06:58:00'),(18,69,'2014-10-12 06:21:11'),(19,16,'2012-12-27 12:40:55'),(19,17,'2015-06-12 05:53:06'),(19,52,'2016-02-22 19:19:37'),(20,15,'2017-01-19 00:15:02'),(20,22,'2017-05-02 09:17:49'),(20,32,'2015-01-28 17:34:04'),(20,69,'2016-10-19 11:51:19'),(20,98,'2018-07-22 13:40:30');
/*!40000 ALTER TABLE `communities_users` ENABLE KEYS */;
UNLOCK TABLES;

--
-- Table structure for table `friendship`
--

DROP TABLE IF EXISTS `friendship`;
/*!40101 SET @saved_cs_client     = @@character_set_client */;
/*!50503 SET character_set_client = utf8mb4 */;
CREATE TABLE `friendship` (
  `user_id` int unsigned NOT NULL COMMENT 'Ссылка на инициатора дружеских отношений',
  `friend_id` int unsigned NOT NULL COMMENT 'Ссылка на получателя приглашения дружить',
  `status_id` int unsigned NOT NULL COMMENT 'Ссылка на статус (текущее состояние) отношений',
  `confirmed_at` datetime DEFAULT NULL COMMENT 'Время подтверждения приглашения',
  `created_at` datetime DEFAULT CURRENT_TIMESTAMP COMMENT 'Время создания строки',
  `updated_at` datetime DEFAULT CURRENT_TIMESTAMP ON UPDATE CURRENT_TIMESTAMP COMMENT 'Время обновления строки',
  PRIMARY KEY (`user_id`,`friend_id`) COMMENT 'Составной первичный ключ'
) ENGINE=InnoDB DEFAULT CHARSET=utf8 COLLATE=utf8_unicode_ci COMMENT='Таблица дружбы';
/*!40101 SET character_set_client = @saved_cs_client */;

--
-- Dumping data for table `friendship`
--

LOCK TABLES `friendship` WRITE;
/*!40000 ALTER TABLE `friendship` DISABLE KEYS */;
INSERT INTO `friendship` VALUES (1,30,1,'2012-11-07 21:21:48','2011-09-02 07:40:38','2020-11-17 18:18:05'),(1,95,1,'2020-09-20 14:15:19','2015-01-06 13:02:26','2020-11-17 18:18:05'),(3,16,2,'2018-05-26 08:55:39','2020-01-23 20:22:08','2020-11-17 18:18:05'),(3,41,2,'2015-06-16 14:27:19','2015-02-14 12:31:07','2020-11-17 18:18:05'),(3,46,1,'2012-04-17 15:56:58','2015-10-30 14:20:08','2020-11-17 18:18:05'),(4,32,1,'2013-06-17 14:30:23','2015-04-12 17:10:29','2020-11-17 18:18:05'),(5,2,1,'2017-05-15 05:46:57','2014-08-13 21:13:00','2020-11-17 18:18:05'),(5,24,3,'2011-01-17 04:41:34','2017-09-22 20:13:43','2020-11-17 18:18:05'),(5,53,2,'2015-06-20 19:27:03','2013-07-30 17:41:32','2020-11-17 18:18:05'),(7,80,2,'2016-06-16 17:43:17','2013-06-04 00:22:10','2020-11-17 18:15:13'),(8,49,1,'2016-08-06 16:26:43','2013-03-31 15:26:52','2020-11-17 18:18:05'),(9,27,3,'2020-08-23 21:39:05','2020-08-29 17:05:16','2020-11-17 18:18:05'),(10,67,1,'2015-09-13 01:51:57','2017-09-24 06:20:00','2020-11-17 18:18:05'),(11,94,1,'2015-12-18 08:14:16','2018-01-16 23:13:41','2020-11-17 18:18:05'),(13,71,2,'2019-01-13 15:17:04','2012-03-06 18:45:14','2020-11-17 18:18:05'),(17,72,2,'2012-02-16 18:55:56','2017-05-24 03:56:44','2020-11-17 18:15:13'),(18,38,3,'2011-07-25 18:52:13','2013-03-14 22:38:34','2020-11-17 18:18:05'),(19,45,1,'2017-08-30 14:00:42','2015-06-13 01:44:19','2020-11-17 18:18:05'),(19,56,3,'2014-02-12 11:39:27','2013-05-21 20:02:58','2020-11-17 18:15:13'),(21,6,3,'2013-08-12 18:22:02','2012-07-08 14:21:59','2020-11-17 18:18:05'),(21,57,2,'2018-02-08 14:55:23','2017-08-14 09:52:29','2020-11-17 18:18:05'),(23,45,2,'2011-06-27 00:05:01','2020-03-28 07:37:12','2020-11-17 18:18:05'),(24,34,3,'2015-11-28 16:42:58','2011-09-03 05:59:32','2020-11-17 18:18:05'),(24,47,1,'2020-03-26 17:32:11','2014-06-06 22:58:56','2020-11-17 18:18:05'),(26,87,2,'2011-12-14 06:15:20','2014-08-05 22:14:32','2020-11-17 18:18:05'),(27,57,2,'2018-01-03 01:06:05','2012-02-04 11:03:49','2020-11-17 18:18:05'),(29,7,1,'2013-05-21 23:17:55','2011-05-10 12:02:31','2020-11-17 18:18:05'),(29,9,3,'2010-12-11 09:42:27','2019-06-05 05:08:30','2020-11-17 18:18:05'),(29,32,2,'2019-08-28 03:58:23','2011-12-26 21:33:23','2020-11-17 18:18:05'),(31,36,3,'2019-01-14 08:36:18','2015-02-15 01:18:49','2020-11-17 18:18:05'),(32,45,3,'2016-06-30 12:05:53','2013-11-28 07:14:01','2020-11-17 18:18:05'),(32,58,2,'2016-09-05 13:05:54','2012-01-11 22:56:27','2020-11-17 18:18:05'),(32,76,2,'2019-05-10 06:54:56','2013-01-04 06:38:43','2020-11-17 18:18:05'),(33,37,2,'2011-11-16 12:15:18','2016-01-17 11:36:55','2020-11-17 18:15:13'),(34,27,2,'2017-04-25 07:03:10','2017-11-06 07:10:36','2020-11-17 18:18:05'),(34,58,3,'2018-05-01 04:59:28','2017-02-21 08:26:33','2020-11-17 18:18:05'),(35,28,3,'2017-05-23 05:07:56','2020-09-08 02:19:55','2020-11-17 18:18:05'),(35,92,3,'2020-04-21 08:30:07','2012-04-18 01:24:24','2020-11-17 18:18:05'),(36,95,2,'2011-01-05 16:20:12','2012-02-29 11:58:39','2020-11-17 18:18:05'),(38,31,3,'2017-06-19 12:27:52','2015-08-30 22:31:46','2020-11-17 18:18:05'),(38,72,3,'2018-03-27 22:31:45','2012-03-14 13:45:29','2020-11-17 18:18:05'),(38,97,2,'2017-02-12 13:14:36','2017-07-14 11:20:53','2020-11-17 18:15:13'),(42,62,1,'2016-05-09 02:37:28','2019-11-03 06:33:28','2020-11-17 18:18:05'),(45,15,2,'2015-09-15 20:24:30','2016-05-30 11:19:15','2020-11-17 18:18:05'),(45,36,2,'2014-07-25 17:03:13','2020-07-12 22:04:43','2020-11-17 18:18:05'),(45,73,3,'2015-04-01 05:25:54','2015-05-11 19:27:19','2020-11-17 18:15:13'),(46,15,3,'2011-04-16 07:37:09','2013-12-17 14:45:22','2020-11-17 18:18:05'),(46,34,1,'2012-06-28 18:50:53','2013-10-05 09:13:29','2020-11-17 18:18:05'),(47,15,1,'2015-05-23 18:48:19','2015-08-06 03:00:21','2020-11-17 18:18:05'),(47,20,2,'2014-10-15 16:25:18','2016-06-21 17:59:22','2020-11-17 18:18:05'),(47,30,2,'2018-04-21 21:34:11','2014-01-14 22:54:38','2020-11-17 18:18:05'),(48,14,1,'2018-04-13 15:52:53','2011-01-26 23:56:00','2020-11-17 18:18:05'),(49,39,3,'2013-12-06 07:32:28','2019-03-28 17:36:30','2020-11-17 18:18:05'),(50,28,2,'2013-02-15 14:24:20','2016-11-30 07:38:19','2020-11-17 18:18:05'),(51,96,1,'2013-06-20 11:04:21','2019-05-14 05:54:57','2020-11-17 18:18:05'),(53,38,2,'2018-04-04 12:51:08','2017-05-27 20:07:31','2020-11-17 18:18:05'),(54,42,2,'2016-01-13 17:39:55','2015-12-06 06:54:56','2020-11-17 18:18:05'),(55,17,2,'2018-08-13 08:55:40','2016-07-14 13:42:56','2020-11-17 18:18:05'),(56,5,1,'2020-01-05 22:53:15','2015-08-29 03:33:18','2020-11-17 18:18:05'),(56,17,3,'2017-06-25 18:11:09','2010-11-21 15:10:34','2020-11-17 18:18:05'),(56,65,1,'2013-12-25 04:23:16','2020-01-02 11:19:59','2020-11-17 18:18:05'),(56,75,1,'2017-03-21 21:35:41','2019-12-12 08:29:42','2020-11-17 18:18:05'),(56,85,3,'2013-10-07 05:26:00','2013-12-20 02:40:29','2020-11-17 18:18:05'),(57,27,3,'2016-11-19 03:14:42','2017-10-25 15:29:12','2020-11-17 18:15:13'),(58,53,1,'2016-01-19 04:35:17','2015-05-12 10:02:20','2020-11-17 18:18:05'),(61,75,3,'2013-03-03 00:35:54','2012-08-18 23:15:21','2020-11-17 18:18:05'),(62,68,1,'2019-12-10 10:10:16','2010-12-03 09:55:22','2020-11-17 18:18:05'),(64,36,1,'2017-02-14 15:25:49','2010-11-29 18:41:21','2020-11-17 18:18:05'),(64,68,3,'2016-09-05 04:31:01','2012-08-26 23:23:29','2020-11-17 18:18:05'),(65,45,1,'2018-03-29 11:38:23','2013-11-30 21:23:59','2020-11-17 18:18:05'),(67,97,2,'2020-09-29 17:35:46','2017-04-05 08:26:18','2020-11-17 18:18:05'),(68,19,3,'2019-07-01 22:33:22','2015-12-18 04:07:32','2020-11-17 18:18:05'),(68,55,3,'2015-03-24 17:18:29','2015-04-14 14:02:17','2020-11-17 18:18:05'),(68,94,3,'2011-08-29 12:47:08','2013-05-20 22:57:56','2020-11-17 18:18:05'),(69,81,3,'2015-01-10 18:17:19','2012-04-22 09:28:21','2020-11-17 18:18:05'),(70,58,1,'2016-05-27 19:06:24','2016-07-09 22:31:48','2020-11-17 18:18:05'),(72,73,1,'2019-10-12 13:06:13','2012-09-06 06:44:27','2020-11-17 18:15:13'),(74,71,3,'2013-01-20 22:46:28','2011-04-03 12:12:26','2020-11-17 18:18:05'),(77,45,1,'2011-01-18 01:04:12','2011-02-21 11:41:12','2020-11-17 18:18:05'),(81,29,3,'2017-06-27 05:07:48','2014-05-31 07:22:11','2020-11-17 18:18:05'),(83,9,3,'2014-04-21 06:34:33','2011-02-03 04:17:06','2020-11-17 18:18:05'),(83,51,1,'2014-03-28 21:13:50','2018-03-13 15:07:46','2020-11-17 18:18:05'),(84,10,1,'2015-05-06 20:12:06','2011-04-22 03:03:28','2020-11-17 18:18:05'),(86,1,3,'2013-04-21 10:04:53','2019-09-05 03:03:44','2020-11-17 18:18:05'),(86,37,2,'2019-10-26 22:25:33','2016-05-23 18:24:07','2020-11-17 18:18:05'),(86,43,3,'2011-05-09 08:18:07','2019-08-20 15:37:30','2020-11-17 18:18:05'),(86,54,1,'2012-01-08 08:40:53','2016-08-23 02:35:50','2020-11-17 18:18:05'),(88,59,1,'2011-01-02 18:51:56','2013-10-19 01:21:29','2020-11-17 18:18:05'),(89,34,1,'2013-02-28 17:33:04','2018-10-05 02:58:27','2020-11-17 18:18:05'),(91,97,2,'2011-12-20 23:00:12','2020-05-02 19:37:24','2020-11-17 18:18:05'),(92,56,2,'2013-09-23 08:06:50','2019-06-02 21:35:36','2020-11-17 18:15:13'),(92,84,2,'2017-04-19 13:44:46','2019-04-24 05:01:42','2020-11-17 18:18:05'),(92,99,1,'2014-11-21 23:02:04','2014-11-26 01:42:41','2020-11-17 18:18:05'),(94,43,1,'2014-07-24 22:18:26','2012-07-14 11:40:44','2020-11-17 18:18:05'),(95,37,2,'2012-07-18 12:55:22','2018-03-08 16:14:31','2020-11-17 18:18:05'),(96,51,3,'2013-08-11 04:25:51','2015-08-25 18:20:01','2020-11-17 18:18:05'),(96,58,2,'2015-07-18 11:50:55','2017-09-28 22:00:40','2020-11-17 18:18:05'),(97,55,2,'2015-03-21 02:21:17','2020-02-19 10:02:41','2020-11-17 18:15:13'),(98,44,1,'2011-08-01 01:31:42','2019-06-22 00:05:02','2020-11-17 18:18:05'),(98,87,3,'2018-06-16 03:13:44','2015-02-11 01:08:28','2020-11-17 18:18:05');
/*!40000 ALTER TABLE `friendship` ENABLE KEYS */;
UNLOCK TABLES;

--
-- Table structure for table `friendship_statuses`
--

DROP TABLE IF EXISTS `friendship_statuses`;
/*!40101 SET @saved_cs_client     = @@character_set_client */;
/*!50503 SET character_set_client = utf8mb4 */;
CREATE TABLE `friendship_statuses` (
  `id` int unsigned NOT NULL AUTO_INCREMENT COMMENT 'Идентификатор строки',
  `name` varchar(150) CHARACTER SET utf8 COLLATE utf8_unicode_ci NOT NULL COMMENT 'Название статуса',
  `created_at` datetime DEFAULT CURRENT_TIMESTAMP COMMENT 'Время создания строки',
  `updated_at` datetime DEFAULT CURRENT_TIMESTAMP ON UPDATE CURRENT_TIMESTAMP COMMENT 'Время обновления строки',
  PRIMARY KEY (`id`),
  UNIQUE KEY `name` (`name`)
) ENGINE=InnoDB AUTO_INCREMENT=4 DEFAULT CHARSET=utf8 COLLATE=utf8_unicode_ci COMMENT='Статусы дружбы';
/*!40101 SET character_set_client = @saved_cs_client */;

--
-- Dumping data for table `friendship_statuses`
--

LOCK TABLES `friendship_statuses` WRITE;
/*!40000 ALTER TABLE `friendship_statuses` DISABLE KEYS */;
INSERT INTO `friendship_statuses` VALUES (1,'Requested','2020-11-17 18:17:48','2020-11-17 18:17:48'),(2,'Confirmed','2020-11-17 18:17:48','2020-11-17 18:17:48'),(3,'Rejected','2020-11-17 18:17:48','2020-11-17 18:17:48');
/*!40000 ALTER TABLE `friendship_statuses` ENABLE KEYS */;
UNLOCK TABLES;

--
-- Table structure for table `media`
--

DROP TABLE IF EXISTS `media`;
/*!40101 SET @saved_cs_client     = @@character_set_client */;
/*!50503 SET character_set_client = utf8mb4 */;
CREATE TABLE `media` (
  `id` int unsigned NOT NULL AUTO_INCREMENT COMMENT 'Идентификатор строки',
  `user_id` int unsigned NOT NULL COMMENT 'Ссылка на пользователя, который загрузил файл',
  `filename` varchar(255) CHARACTER SET utf8 COLLATE utf8_unicode_ci NOT NULL COMMENT 'Путь к файлу',
  `size` int NOT NULL COMMENT 'Размер файла',
  `metadata` json DEFAULT NULL,
  `media_type_id` int unsigned NOT NULL COMMENT 'Ссылка на тип контента',
  `created_at` datetime DEFAULT CURRENT_TIMESTAMP COMMENT 'Время создания строки',
  `updated_at` datetime DEFAULT CURRENT_TIMESTAMP ON UPDATE CURRENT_TIMESTAMP COMMENT 'Время обновления строки',
  PRIMARY KEY (`id`),
  CONSTRAINT `media_chk_1` CHECK (json_valid(`metadata`))
) ENGINE=InnoDB AUTO_INCREMENT=101 DEFAULT CHARSET=utf8 COLLATE=utf8_unicode_ci COMMENT='Медиафайлы';
/*!40101 SET character_set_client = @saved_cs_client */;

--
-- Dumping data for table `media`
--

LOCK TABLES `media` WRITE;
/*!40000 ALTER TABLE `media` DISABLE KEYS */;
INSERT INTO `media` VALUES (1,17,'http://drive.google.com/vk/uptatem tempore cum.jpeg',911479,'{\"owner\": \"Evert Baumbach\"}',1,'1982-02-23 11:26:44','2020-11-17 18:06:00'),(2,50,'http://drive.google.com/vk/ceat non est officia.avi',56388,'{\"owner\": \"Karlee Torp\"}',2,'2013-01-06 00:04:32','2020-11-17 18:06:00'),(3,98,'http://drive.google.com/vk/ostrum ratione nemo.mpeg',356302,'{\"owner\": \"Mathilde Yost\"}',3,'1997-02-24 07:29:53','2020-11-17 18:06:00'),(4,38,'http://drive.google.com/vk/usto facilis soluta.mpeg',599400,'{\"owner\": \"Kari Dietrich\"}',1,'1986-07-13 00:47:15','2020-11-17 18:06:00'),(5,95,'http://drive.google.com/vk/qui et et sapiente.jpeg',221702,'{\"owner\": \"Joan Shields\"}',2,'2001-03-07 14:58:35','2020-11-17 18:06:00'),(6,61,'http://drive.google.com/vk/error excepturi nisi.avi',185843,'{\"owner\": \"Caesar Parker\"}',2,'1993-09-15 12:11:00','2020-11-17 18:06:00'),(7,21,'http://drive.google.com/vk/t qui quos aut omnis.png',465610,'{\"owner\": \"Trycia Connelly\"}',1,'2006-12-07 07:31:07','2020-11-17 18:06:00'),(8,20,'http://drive.google.com/vk/ut ab aliquid illum.avi',922204,'{\"owner\": \"Pierce Renner\"}',1,'2019-09-22 03:50:08','2020-11-17 18:06:00'),(9,35,'http://drive.google.com/vk/iores itaque beatae.jpeg',199634,'{\"owner\": \"Alvis Gutmann\"}',1,'2001-04-28 15:51:38','2020-11-17 18:06:00'),(10,18,'http://drive.google.com/vk/debitis fugiat ipsam.png',330948,'{\"owner\": \"Gladys Kohler\"}',3,'2015-06-05 07:01:37','2020-11-17 18:06:00'),(11,83,'http://drive.google.com/vk/tio repudiandae non.mpeg',150332,'{\"owner\": \"Nora Russel\"}',1,'1995-01-05 05:48:11','2020-11-17 18:06:00'),(12,59,'http://drive.google.com/vk/on labore velit nemo.png',775845,'{\"owner\": \"Margaret Hayes\"}',2,'1997-07-02 15:53:40','2020-11-17 18:06:00'),(13,45,'http://drive.google.com/vk/ciis praesentium ut.mpeg',969724,'{\"owner\": \"Rosemary Streich\"}',2,'1984-11-07 02:04:23','2020-11-17 18:06:00'),(14,47,'http://drive.google.com/vk/tur sequi qui quasi.jpeg',519870,'{\"owner\": \"Maude Bergstrom\"}',3,'2011-07-30 00:33:56','2020-11-17 18:06:00'),(15,100,'http://drive.google.com/vk/m est itaque facilis.avi',206240,'{\"owner\": \"Andre Kris\"}',3,'1998-09-09 21:18:50','2020-11-17 18:06:00'),(16,58,'http://drive.google.com/vk/Iure sint qui rerum.png',832243,'{\"owner\": \"Lia Skiles\"}',2,'2016-12-27 03:00:32','2020-11-17 18:06:00'),(17,91,'http://drive.google.com/vk/ut et error aperiam.mpeg',349436,'{\"owner\": \"Chaim Hilpert\"}',3,'1998-10-02 21:12:21','2020-11-17 18:06:00'),(18,81,'http://drive.google.com/vk/empora optio placeat.png',709777,'{\"owner\": \"Asia Hand\"}',2,'1975-06-12 21:24:38','2020-11-17 18:06:00'),(19,31,'http://drive.google.com/vk/itae molestiae eius.jpeg',511250,'{\"owner\": \"Rudolph Pfannerstill\"}',2,'2005-06-28 10:58:49','2020-11-17 18:06:00'),(20,12,'http://drive.google.com/vk/e qui ut aut vel in.jpeg',838204,'{\"owner\": \"Lizeth Schamberger\"}',3,'1973-04-08 03:44:17','2020-11-17 18:06:00'),(21,68,'http://drive.google.com/vk/recusandae quisquam.avi',201792,'{\"owner\": \"Leilani Hagenes\"}',1,'1978-05-03 09:56:32','2020-11-17 18:06:00'),(22,1,'http://drive.google.com/vk/tur laboriosam nemo.mpeg',73662,'{\"owner\": \"Evan Kshlerin\"}',2,'1990-01-10 01:20:59','2020-11-17 18:06:00'),(23,3,'http://drive.google.com/vk/soluta est provident.avi',201014,'{\"owner\": \"Osvaldo Schneider\"}',1,'2006-09-21 16:24:08','2020-11-17 18:06:00'),(24,9,'http://drive.google.com/vk/gnissimos molestiae.jpeg',311112,'{\"owner\": \"Lillie Schuster\"}',1,'1988-01-05 02:57:27','2020-11-17 18:06:00'),(25,36,'http://drive.google.com/vk/te voluptatum minima.png',785048,'{\"owner\": \"Antonette Corkery\"}',3,'1980-12-11 17:29:49','2020-11-17 18:06:00'),(26,52,'http://drive.google.com/vk/am voluptates velit.mpeg',735886,'{\"owner\": \"Graham Stamm\"}',3,'2013-03-04 11:52:32','2020-11-17 18:06:00'),(27,50,'http://drive.google.com/vk/serunt cum iste est.mpeg',782652,'{\"owner\": \"Karlee Torp\"}',1,'2016-02-04 21:12:42','2020-11-17 18:06:00'),(28,96,'http://drive.google.com/vk/s quam eveniet neque.avi',102602,'{\"owner\": \"Zackary Swaniawski\"}',2,'2019-07-13 20:19:28','2020-11-17 18:06:00'),(29,29,'http://drive.google.com/vk/ditiis quasi impedit.avi',490036,'{\"owner\": \"Barney Dooley\"}',1,'1979-02-23 11:04:33','2020-11-17 18:06:00'),(30,56,'http://drive.google.com/vk/tate voluptatem sunt.png',527938,'{\"owner\": \"Charlie Blick\"}',1,'1998-03-23 01:20:45','2020-11-17 18:06:00'),(31,92,'http://drive.google.com/vk/debitis sit ratione.avi',472260,'{\"owner\": \"Laura Tremblay\"}',1,'1975-05-12 09:18:45','2020-11-17 18:06:00'),(32,93,'http://drive.google.com/vk/ipisci unde ratione.jpeg',828236,'{\"owner\": \"Valerie Schoen\"}',1,'2014-05-02 07:10:53','2020-11-17 18:06:00'),(33,89,'http://drive.google.com/vk/is repudiandae neque.avi',607488,'{\"owner\": \"Joanie Lynch\"}',2,'2005-03-01 00:59:59','2020-11-17 18:06:00'),(34,66,'http://drive.google.com/vk/aerat suscipit unde.mpeg',308650,'{\"owner\": \"Cara Flatley\"}',3,'2010-08-22 03:57:16','2020-11-17 18:06:00'),(35,63,'http://drive.google.com/vk/lorem sed voluptatem.png',505267,'{\"owner\": \"Javon Hane\"}',3,'1982-08-19 16:36:41','2020-11-17 18:06:00'),(36,14,'http://drive.google.com/vk/s cumque accusantium.png',646476,'{\"owner\": \"Andrew Rice\"}',2,'1972-10-27 09:30:58','2020-11-17 18:06:00'),(37,81,'http://drive.google.com/vk/ma et mollitia vero.jpeg',198433,'{\"owner\": \"Asia Hand\"}',1,'1987-04-03 19:20:07','2020-11-17 18:06:00'),(38,62,'http://drive.google.com/vk/doloremque error qui.avi',970708,'{\"owner\": \"Bud Corwin\"}',1,'1997-06-14 03:03:41','2020-11-17 18:06:00'),(39,66,'http://drive.google.com/vk/atque optio sunt et.png',577018,'{\"owner\": \"Cara Flatley\"}',2,'1977-05-03 15:11:09','2020-11-17 18:06:00'),(40,44,'http://drive.google.com/vk/aperiam harum ipsam.jpeg',998289,'{\"owner\": \"Jerel Barton\"}',3,'2007-04-12 13:17:12','2020-11-17 18:06:00'),(41,20,'http://drive.google.com/vk/tur sed ea eos enim.jpeg',971617,'{\"owner\": \"Pierce Renner\"}',3,'1986-12-02 00:49:08','2020-11-17 18:06:00'),(42,70,'http://drive.google.com/vk/uia unde cupiditate.jpeg',92088,'{\"owner\": \"Angelica Carter\"}',2,'2008-08-31 04:07:39','2020-11-17 18:06:00'),(43,87,'http://drive.google.com/vk/tem architecto error.avi',536501,'{\"owner\": \"Royce Gaylord\"}',3,'1994-05-22 09:20:01','2020-11-17 18:06:00'),(44,24,'http://drive.google.com/vk/uia ipsum est velit.mpeg',412590,'{\"owner\": \"Dagmar Bosco\"}',2,'1980-12-22 03:41:29','2020-11-17 18:06:00'),(45,60,'http://drive.google.com/vk/s magnam in culpa ab.png',163930,'{\"owner\": \"Roslyn Leannon\"}',2,'2013-05-29 21:15:00','2020-11-17 18:06:00'),(46,28,'http://drive.google.com/vk/ilique culpa soluta.jpeg',716280,'{\"owner\": \"Julianne Cassin\"}',3,'1977-01-26 15:05:47','2020-11-17 18:06:00'),(47,58,'http://drive.google.com/vk/blanditiis repellat.mpeg',426475,'{\"owner\": \"Lia Skiles\"}',1,'1978-01-31 09:59:54','2020-11-17 18:06:00'),(48,5,'http://drive.google.com/vk/entium consequuntur.jpeg',287590,'{\"owner\": \"Kristian Bartoletti\"}',2,'1979-04-08 03:04:17','2020-11-17 18:06:00'),(49,52,'http://drive.google.com/vk/est quo distinctio.mpeg',264428,'{\"owner\": \"Graham Stamm\"}',2,'2014-09-21 05:17:37','2020-11-17 18:06:00'),(50,43,'http://drive.google.com/vk/que est autem nihil.mpeg',605256,'{\"owner\": \"Sally Schamberger\"}',3,'1970-10-12 12:40:15','2020-11-17 18:06:00'),(51,60,'http://drive.google.com/vk/ptates qui ea fugit.jpeg',766587,'{\"owner\": \"Roslyn Leannon\"}',2,'1972-07-27 05:29:35','2020-11-17 18:06:00'),(52,71,'http://drive.google.com/vk/atem quasi molestiae.png',969845,'{\"owner\": \"Destin Pfeffer\"}',2,'1977-03-15 03:59:36','2020-11-17 18:06:00'),(53,76,'http://drive.google.com/vk/equatur incidunt ea.jpeg',326963,'{\"owner\": \"August Grimes\"}',1,'1976-10-05 23:53:37','2020-11-17 18:06:00'),(54,64,'http://drive.google.com/vk/aceat maxime dolores.avi',448809,'{\"owner\": \"Roberta Morissette\"}',3,'1997-10-08 22:56:48','2020-11-17 18:06:00'),(55,94,'http://drive.google.com/vk/as sint dolores quia.avi',843723,'{\"owner\": \"Lilla Kuhn\"}',1,'2011-03-20 12:44:56','2020-11-17 18:06:00'),(56,76,'http://drive.google.com/vk/m recusandae et aut.jpeg',182514,'{\"owner\": \"August Grimes\"}',1,'1990-01-04 19:46:18','2020-11-17 18:06:00'),(57,96,'http://drive.google.com/vk/laboriosam dolorum.jpeg',456162,'{\"owner\": \"Zackary Swaniawski\"}',3,'2001-05-16 22:09:20','2020-11-17 18:06:00'),(58,51,'http://drive.google.com/vk/eritatis labore est.jpeg',192717,'{\"owner\": \"Gabe Rolfson\"}',3,'1983-06-12 04:34:00','2020-11-17 18:06:00'),(59,66,'http://drive.google.com/vk/ed officiis sapiente.png',859770,'{\"owner\": \"Cara Flatley\"}',1,'1982-07-30 08:23:43','2020-11-17 18:06:00'),(60,76,'http://drive.google.com/vk/ro corporis rerum ut.png',184266,'{\"owner\": \"August Grimes\"}',1,'1972-12-12 08:20:10','2020-11-17 18:06:00'),(61,83,'http://drive.google.com/vk/t autem ea voluptate.avi',742924,'{\"owner\": \"Nora Russel\"}',3,'1988-04-27 07:59:23','2020-11-17 18:06:00'),(62,86,'http://drive.google.com/vk/que impedit nesciunt.avi',117763,'{\"owner\": \"Blaze Weissnat\"}',2,'1992-12-01 01:55:11','2020-11-17 18:06:00'),(63,80,'http://drive.google.com/vk/beatae ad suscipit.mpeg',256770,'{\"owner\": \"Roxanne McCullough\"}',2,'1998-07-04 14:19:33','2020-11-17 18:06:00'),(64,41,'http://drive.google.com/vk/tinctio voluptatibus.png',508418,'{\"owner\": \"Geraldine Stoltenberg\"}',1,'2004-08-08 20:04:57','2020-11-17 18:06:00'),(65,63,'http://drive.google.com/vk/ctetur possimus sed.jpeg',641686,'{\"owner\": \"Javon Hane\"}',1,'2019-08-18 01:56:25','2020-11-17 18:06:00'),(66,94,'http://drive.google.com/vk/sunt laborum ullam.jpeg',788495,'{\"owner\": \"Lilla Kuhn\"}',1,'1993-12-15 21:19:09','2020-11-17 18:06:00'),(67,79,'http://drive.google.com/vk/sint earum ab aut ut.avi',396547,'{\"owner\": \"Germaine Tremblay\"}',2,'1988-11-08 12:19:45','2020-11-17 18:06:00'),(68,11,'http://drive.google.com/vk/tem quos sit a velit.avi',302973,'{\"owner\": \"Jamal Corkery\"}',1,'1981-11-14 19:04:16','2020-11-17 18:06:00'),(69,21,'http://drive.google.com/vk/epturi non nihil in.jpeg',904119,'{\"owner\": \"Trycia Connelly\"}',1,'1993-02-27 03:31:44','2020-11-17 18:06:00'),(70,69,'http://drive.google.com/vk/el dolore maiores ab.avi',445169,'{\"owner\": \"Ryder Schmitt\"}',1,'2019-09-22 12:12:44','2020-11-17 18:06:00'),(71,83,'http://drive.google.com/vk/impedit pariatur aut.avi',263123,'{\"owner\": \"Nora Russel\"}',1,'1994-06-03 05:52:16','2020-11-17 18:06:00'),(72,7,'http://drive.google.com/vk/em velit dolorem et.jpeg',314732,'{\"owner\": \"Selmer Renner\"}',3,'1981-10-26 17:06:25','2020-11-17 18:06:00'),(73,83,'http://drive.google.com/vk/tas quisquam labore.mpeg',578078,'{\"owner\": \"Nora Russel\"}',2,'1994-03-19 23:28:42','2020-11-17 18:06:00'),(74,97,'http://drive.google.com/vk/at ad enim illum est.avi',846882,'{\"owner\": \"Lina Mann\"}',3,'1976-01-21 17:45:24','2020-11-17 18:06:00'),(75,34,'http://drive.google.com/vk/as dolorem ad velit.jpeg',458131,'{\"owner\": \"Rahsaan Sipes\"}',2,'2020-04-30 14:39:27','2020-11-17 18:06:00'),(76,81,'http://drive.google.com/vk/e non nihil incidunt.avi',228687,'{\"owner\": \"Asia Hand\"}',1,'1972-12-10 17:10:34','2020-11-17 18:06:00'),(77,100,'http://drive.google.com/vk/ia voluptatem animi.jpeg',138895,'{\"owner\": \"Andre Kris\"}',3,'1988-05-14 04:57:51','2020-11-17 18:06:00'),(78,56,'http://drive.google.com/vk/ma dignissimos enim.mpeg',982460,'{\"owner\": \"Charlie Blick\"}',1,'1984-12-30 05:07:44','2020-11-17 18:06:00'),(79,81,'http://drive.google.com/vk/uptas iure provident.png',790248,'{\"owner\": \"Asia Hand\"}',3,'1999-08-30 00:32:44','2020-11-17 18:06:00'),(80,37,'http://drive.google.com/vk/orum magnam dolorem.jpeg',459708,'{\"owner\": \"Hosea Nicolas\"}',1,'2003-06-17 14:41:56','2020-11-17 18:06:00'),(81,41,'http://drive.google.com/vk/architecto et et et.png',231795,'{\"owner\": \"Geraldine Stoltenberg\"}',3,'1979-03-17 04:02:49','2020-11-17 18:06:00'),(82,92,'http://drive.google.com/vk/ea molestiae itaque.jpeg',916424,'{\"owner\": \"Laura Tremblay\"}',3,'2006-07-30 14:40:35','2020-11-17 18:06:00'),(83,37,'http://drive.google.com/vk/t sint molestias quo.png',203478,'{\"owner\": \"Hosea Nicolas\"}',2,'1980-12-02 08:16:10','2020-11-17 18:06:00'),(84,9,'http://drive.google.com/vk/recusandae omnis ut.mpeg',141377,'{\"owner\": \"Lillie Schuster\"}',3,'1978-10-07 17:55:55','2020-11-17 18:06:00'),(85,32,'http://drive.google.com/vk/e provident et rerum.png',560822,'{\"owner\": \"Kirsten Schmidt\"}',2,'2010-06-29 22:42:56','2020-11-17 18:06:00'),(86,35,'http://drive.google.com/vk/itae temporibus sint.png',358885,'{\"owner\": \"Alvis Gutmann\"}',2,'2001-05-12 21:01:13','2020-11-17 18:06:00'),(87,78,'http://drive.google.com/vk/officia doloremque.mpeg',130950,'{\"owner\": \"Addison Casper\"}',2,'1983-09-30 16:40:45','2020-11-17 18:06:00'),(88,84,'http://drive.google.com/vk/leniti reprehenderit.png',219788,'{\"owner\": \"Chesley Becker\"}',2,'2000-08-21 10:40:22','2020-11-17 18:06:00'),(89,85,'http://drive.google.com/vk/incidunt voluptatem.mpeg',478727,'{\"owner\": \"Arlo Mraz\"}',2,'1983-05-01 16:50:49','2020-11-17 18:06:00'),(90,72,'http://drive.google.com/vk/ctus quia cupiditate.avi',953097,'{\"owner\": \"Ervin Auer\"}',1,'2001-04-08 12:07:01','2020-11-17 18:06:00'),(91,5,'http://drive.google.com/vk/fugit doloribus vel.jpeg',657057,'{\"owner\": \"Kristian Bartoletti\"}',2,'2017-11-02 03:07:29','2020-11-17 18:06:00'),(92,9,'http://drive.google.com/vk/as fugit quia sequi.jpeg',760965,'{\"owner\": \"Lillie Schuster\"}',2,'2008-05-13 02:11:37','2020-11-17 18:06:00'),(93,30,'http://drive.google.com/vk/ue assumenda a nulla.avi',474584,'{\"owner\": \"Cathryn Pfannerstill\"}',1,'1983-04-05 08:21:38','2020-11-17 18:06:00'),(94,23,'http://drive.google.com/vk/eatae omnis aliquid.jpeg',366255,'{\"owner\": \"Judd Considine\"}',1,'1976-02-07 22:25:41','2020-11-17 18:06:00'),(95,22,'http://drive.google.com/vk/quos dolor inventore.png',214399,'{\"owner\": \"Verla Boyer\"}',2,'2015-12-01 13:55:12','2020-11-17 18:06:00'),(96,44,'http://drive.google.com/vk/olorem sit deleniti.mpeg',529830,'{\"owner\": \"Jerel Barton\"}',1,'2009-10-05 21:37:35','2020-11-17 18:06:00'),(97,50,'http://drive.google.com/vk/aut sunt voluptatem.png',978317,'{\"owner\": \"Karlee Torp\"}',1,'1980-07-25 01:02:41','2020-11-17 18:06:00'),(98,20,'http://drive.google.com/vk/velit molestiae sunt.avi',87993,'{\"owner\": \"Pierce Renner\"}',2,'2018-10-01 08:13:11','2020-11-17 18:06:00'),(99,51,'http://drive.google.com/vk/sed natus sunt qui.jpeg',638929,'{\"owner\": \"Gabe Rolfson\"}',1,'2010-05-06 22:10:09','2020-11-17 18:06:00'),(100,92,'http://drive.google.com/vk/id ratione maiores.jpeg',332868,'{\"owner\": \"Laura Tremblay\"}',1,'1991-02-13 06:16:54','2020-11-17 18:06:00');
/*!40000 ALTER TABLE `media` ENABLE KEYS */;
UNLOCK TABLES;

--
-- Table structure for table `media_types`
--

DROP TABLE IF EXISTS `media_types`;
/*!40101 SET @saved_cs_client     = @@character_set_client */;
/*!50503 SET character_set_client = utf8mb4 */;
CREATE TABLE `media_types` (
  `id` int unsigned NOT NULL AUTO_INCREMENT COMMENT 'Идентификатор строки',
  `name` varchar(255) CHARACTER SET utf8 COLLATE utf8_unicode_ci NOT NULL COMMENT 'Название типа',
  `created_at` datetime DEFAULT CURRENT_TIMESTAMP COMMENT 'Время создания строки',
  `updated_at` datetime DEFAULT CURRENT_TIMESTAMP ON UPDATE CURRENT_TIMESTAMP COMMENT 'Время обновления строки',
  PRIMARY KEY (`id`),
  UNIQUE KEY `name` (`name`)
) ENGINE=InnoDB AUTO_INCREMENT=4 DEFAULT CHARSET=utf8 COLLATE=utf8_unicode_ci COMMENT='Типы медиафайлов';
/*!40101 SET character_set_client = @saved_cs_client */;

--
-- Dumping data for table `media_types`
--

LOCK TABLES `media_types` WRITE;
/*!40000 ALTER TABLE `media_types` DISABLE KEYS */;
INSERT INTO `media_types` VALUES (1,'photo','2020-11-17 18:05:02','2020-11-17 18:05:02'),(2,'video','2020-11-17 18:05:02','2020-11-17 18:05:02'),(3,'audio','2020-11-17 18:05:02','2020-11-17 18:05:02');
/*!40000 ALTER TABLE `media_types` ENABLE KEYS */;
UNLOCK TABLES;

--
-- Table structure for table `messages`
--

DROP TABLE IF EXISTS `messages`;
/*!40101 SET @saved_cs_client     = @@character_set_client */;
/*!50503 SET character_set_client = utf8mb4 */;
CREATE TABLE `messages` (
  `id` int unsigned NOT NULL AUTO_INCREMENT COMMENT 'Идентификатор строки',
  `from_user_id` int unsigned NOT NULL COMMENT 'Ссылка на отправителя сообщения',
  `to_user_id` int unsigned NOT NULL COMMENT 'Ссылка на получателя сообщения',
  `body` text CHARACTER SET utf8 COLLATE utf8_unicode_ci NOT NULL COMMENT 'Текст сообщения',
  `media_id` int unsigned DEFAULT NULL,
  `is_important` tinyint(1) DEFAULT NULL COMMENT 'Признак важности',
  `is_delivered` tinyint(1) DEFAULT NULL COMMENT 'Признак доставки',
  `created_at` datetime DEFAULT CURRENT_TIMESTAMP COMMENT 'Время создания строки',
  PRIMARY KEY (`id`)
) ENGINE=InnoDB AUTO_INCREMENT=101 DEFAULT CHARSET=utf8 COLLATE=utf8_unicode_ci COMMENT='Сообщения';
/*!40101 SET character_set_client = @saved_cs_client */;

--
-- Dumping data for table `messages`
--

LOCK TABLES `messages` WRITE;
/*!40000 ALTER TABLE `messages` DISABLE KEYS */;
INSERT INTO `messages` VALUES (1,8,83,'Et deserunt quaerat rem voluptas. Hic sint voluptatem expedita ullam quia velit. Dolores quaerat magnam et vero.',59,1,0,'2009-07-11 21:09:25'),(2,91,5,'Voluptatibus tenetur veritatis in et consequuntur possimus vel ut. Maiores explicabo amet non nulla non. Libero eum cumque voluptate et totam quasi delectus.',1,1,0,'1985-11-13 16:21:15'),(3,50,36,'Amet optio voluptas aut sit iure. Iusto consequatur et sit inventore culpa.',27,0,0,'1970-08-07 18:11:07'),(4,27,29,'Ea temporibus sed maiores eos illo. Numquam impedit ea corrupti quisquam aspernatur. Sint ipsum dolorem porro distinctio dolores et odio. Eum rerum et possimus sit cupiditate ea.',30,1,1,'1993-02-15 05:29:32'),(5,64,33,'Velit accusamus quia et ex autem. Sunt omnis perspiciatis et qui. Ut cumque enim laboriosam veniam.',69,1,0,'2012-05-15 03:40:24'),(6,73,63,'Ducimus illum maxime modi non eius quas. Sequi sit est veniam voluptas repellendus. Dolorum odit sint velit labore ea. Praesentium aut amet perferendis libero.',55,1,1,'1972-04-26 07:02:10'),(7,96,93,'Labore id consequuntur sit provident. Laborum suscipit vel autem necessitatibus.',66,0,1,'1998-05-04 05:13:52'),(8,75,96,'Consequatur odit aut magni nihil vitae. Dolores consequatur fugiat veniam. Ut rerum reprehenderit minima eius vero laboriosam magni.',65,1,0,'2000-04-27 17:15:38'),(9,53,78,'Ut praesentium enim explicabo quas. Magnam earum cumque consequatur dolorem ut perferendis animi. Et necessitatibus ea ullam quidem architecto. Ad occaecati sunt ab modi aut facere inventore.',25,0,1,'1997-11-27 15:22:18'),(10,31,19,'A totam quas occaecati deserunt corrupti ex aliquid. Non et quas inventore omnis occaecati laborum ut ut. Vero sed quo doloremque distinctio. Maiores et soluta sit eum tenetur provident minus explicabo.',32,0,1,'1979-12-23 17:16:19'),(11,100,45,'Distinctio nulla expedita eius sint est quod. Eos asperiores sapiente omnis ipsum ut. Est consequatur iusto quaerat voluptatem adipisci cupiditate. Qui qui nihil similique enim voluptate voluptatum blanditiis.',86,0,0,'1972-10-22 16:52:21'),(12,23,82,'Quia autem porro excepturi ex quia tempora consequatur. Consequatur voluptatibus labore ducimus doloribus. Sit nihil qui incidunt dolorem eveniet. Sed non rerum quod modi nihil.',31,0,1,'1984-12-18 01:35:10'),(13,39,48,'Sit suscipit et voluptas exercitationem. Et ullam quia ratione mollitia officiis asperiores soluta. Rerum earum laboriosam velit fugiat temporibus saepe.',96,1,1,'1990-05-20 13:57:07'),(14,22,68,'Quo sint repellat et adipisci nobis. Eligendi officia ad dolorem et natus magnam vel. Voluptate dicta non consequuntur molestiae et placeat ad. Tempore aut et ex nemo voluptatum nobis sed.',89,1,1,'1993-04-27 17:39:19'),(15,70,47,'Voluptatem repellat aut velit ut incidunt quo sint. Labore est a molestiae. Aliquid sit sed voluptas fuga rerum. Vel voluptas rerum id assumenda dolorem tempore.',54,0,1,'2008-11-04 16:22:55'),(16,26,88,'Aspernatur iure ut fuga earum sit quaerat quia. Velit et harum cumque provident. Expedita sequi maxime ipsum repellat nihil repellendus. Molestiae qui asperiores nobis aut. Cumque quas nam nobis et doloribus sed dolorem aut.',4,1,1,'1974-11-07 22:06:10'),(17,60,37,'Beatae commodi sint rerum sit voluptates adipisci reprehenderit. Voluptas nobis illum voluptatem repellendus eum. Corporis aut est aut architecto est natus sint. Modi et quia repudiandae ipsam.',56,1,0,'1970-09-29 06:36:31'),(18,3,6,'Repellendus dolore voluptas voluptatem. In minus totam ut esse unde odio voluptatem. Nemo optio iste voluptas nemo consequatur libero voluptatem. Voluptate dignissimos magni molestiae ea.',67,0,1,'1971-01-11 12:18:22'),(19,19,76,'Quos beatae rem sapiente et aut enim. Temporibus quas voluptas officiis sapiente. Soluta atque optio ipsa perspiciatis repellat commodi. Iure libero magni pariatur voluptas. Quia dicta voluptas corporis et laudantium quidem et dolorem.',66,0,1,'1974-11-11 19:17:02'),(20,23,87,'Doloremque ut unde incidunt incidunt dolor nesciunt. Velit quo dolores enim occaecati quia voluptatem. Autem animi perspiciatis veritatis eaque et similique id. Nesciunt blanditiis minus assumenda voluptas qui.',28,1,1,'2001-04-25 09:38:34'),(21,67,72,'Et et earum asperiores voluptatem et porro. Suscipit quia provident placeat voluptatem. Ab recusandae laboriosam distinctio consequatur repellendus qui. Harum architecto repellat minus nobis voluptatem ea hic.',42,1,0,'1986-05-26 06:13:14'),(22,59,80,'Nihil aspernatur reiciendis atque occaecati voluptatem eos. Ipsam laborum voluptatibus repellat. Officiis maiores molestiae ex sit cum. Consequatur molestias quidem aut eaque laboriosam. Porro sint vitae itaque.',24,0,0,'1990-07-04 07:06:21'),(23,22,67,'Aliquam qui recusandae asperiores rerum voluptatem. Suscipit quia voluptatem deleniti sit. Et molestiae eum non eum nesciunt velit vel officiis.',94,0,1,'1990-03-02 08:31:51'),(24,71,51,'Minima non molestiae nihil. Delectus cupiditate voluptas repellendus deleniti laboriosam. Ea tenetur ex culpa qui.',100,0,1,'1990-05-06 03:16:19'),(25,43,61,'Sed provident id facilis ducimus magni esse mollitia animi. Consequatur ipsum sed voluptatem magni quod. Nihil repellat ipsam aut voluptatem. Eaque et neque dolorum dolores voluptatem.',15,1,1,'1976-09-27 09:42:50'),(26,74,87,'Omnis voluptatibus qui ut veritatis quia illum. Omnis consequuntur sint maxime consequatur veritatis. Nemo nostrum ratione adipisci non impedit. Vel quo veniam accusamus repellat quaerat. Sit sint optio beatae et sit harum laboriosam.',74,0,0,'1982-12-29 18:20:02'),(27,13,2,'Illo cupiditate voluptatem vitae voluptatem nemo minima occaecati. Officia fugiat dolorem explicabo.',24,1,0,'2002-12-24 21:37:33'),(28,70,44,'Consequuntur quia vitae dolorem. Cumque alias eveniet expedita recusandae. Aut exercitationem ex repudiandae ipsum earum voluptas. Praesentium quia id delectus reiciendis quia eos.',99,1,0,'2000-03-19 13:43:24'),(29,9,15,'Autem fugiat quidem corrupti hic dolores et ea. Porro laboriosam aliquam assumenda voluptatem quia. Asperiores perspiciatis ab assumenda neque non. Aliquam pariatur impedit in vero delectus non.',21,0,1,'1972-03-06 08:07:33'),(30,46,84,'Culpa qui et possimus mollitia fugit rerum aspernatur. Dolorum facilis veniam amet illo. Est voluptates dolores consequuntur laboriosam aut nemo laudantium.',7,1,1,'2008-01-25 09:02:00'),(31,82,56,'Quis animi ut et velit quo. Dolor expedita ullam suscipit non molestiae. Ea eligendi aperiam quae odio.',74,1,0,'1985-06-08 08:25:33'),(32,33,97,'Autem et aut modi ratione enim dignissimos. Saepe vitae quibusdam blanditiis sed numquam odit nobis. Aperiam pariatur a accusantium minima aut blanditiis.',46,1,0,'2008-10-14 05:54:34'),(33,86,40,'Dolore non voluptatem quam enim mollitia error illum. Similique impedit est iusto eveniet voluptas blanditiis. Sed quos ut quis est optio. In nihil et dolor sit perferendis earum eveniet. Voluptas distinctio alias nam est enim est repellat qui.',7,0,1,'2017-07-18 05:31:47'),(34,39,77,'Rerum quasi fugiat deserunt totam. Delectus qui rerum vitae deserunt cupiditate enim vero. Autem incidunt ea velit laboriosam maiores eos. In sit quae exercitationem ipsam.',96,1,0,'1995-01-29 19:39:06'),(35,68,8,'Enim qui molestiae non nihil. Quasi nihil pariatur adipisci sequi animi repellendus aspernatur. Iure nulla illum ullam inventore accusantium nisi illum culpa. Tempora aut mollitia quas architecto est sunt reiciendis quod. Optio dolorum et alias et aut omnis.',61,0,1,'1979-11-26 14:30:50'),(36,36,54,'Et debitis quod aut harum modi dolorem. Repudiandae quibusdam recusandae unde molestias occaecati minima debitis voluptas. Mollitia aliquid architecto quia quam.',16,0,1,'1998-04-02 07:27:44'),(37,63,52,'Quia incidunt reprehenderit aspernatur debitis. Deleniti et repellat eligendi voluptatem iste corporis. Quia harum dolor quis repellat iusto eum vel dolorem. Voluptatibus consequatur quia qui similique sed quia et.',96,1,0,'1985-06-06 17:27:27'),(38,70,93,'Quod praesentium saepe fugiat qui. Nostrum ducimus non quis sapiente nemo earum. Laboriosam cum non velit eos asperiores eos quo.',33,1,1,'1989-09-06 12:26:03'),(39,55,97,'Non sed delectus cumque rem eligendi. Consectetur quo et dolor et odio sit. Voluptates error earum minima impedit commodi ea.',75,0,0,'2014-11-06 05:41:37'),(40,19,2,'Aut natus officiis exercitationem qui ab accusantium. Non aut molestias et eveniet quas at quia. Rem et tempora ea aliquid temporibus saepe officiis. Ea qui quia dignissimos omnis in facilis.',74,0,1,'1985-06-19 13:24:01'),(41,54,62,'Aut architecto et eveniet quo sunt dolorem et. Enim excepturi tempore accusamus aut dignissimos tempore. Rerum neque veniam non magnam illum.',47,0,1,'1991-03-06 20:34:05'),(42,50,63,'Perspiciatis similique non quod doloribus voluptatum iusto. Aut id incidunt eaque blanditiis iusto excepturi.',12,0,1,'2017-05-22 07:29:46'),(43,63,25,'Asperiores perspiciatis tempore est voluptatem. Quam labore atque voluptatem perspiciatis tempore. Ut necessitatibus omnis in. Repudiandae ducimus magnam cumque non.',19,0,1,'2011-05-28 18:27:17'),(44,36,6,'Labore ut consequatur qui vel. Amet facilis inventore aut asperiores distinctio molestias quam. Soluta voluptate incidunt dolorum ad eum aliquid. Vel reprehenderit sequi quis amet.',58,0,0,'1985-09-25 12:04:00'),(45,20,81,'Et similique consequatur explicabo in. Pariatur itaque iusto dignissimos doloremque et qui dolor eum.',31,0,0,'2002-03-02 02:32:19'),(46,44,79,'Ut magni quas dignissimos est sit. Voluptatem minima quia nihil eveniet. Amet nam velit odit in similique voluptatem dolor.',80,0,1,'1981-06-21 15:46:32'),(47,60,62,'Et ut ea alias iste minima. Quasi qui debitis delectus odio reprehenderit ea alias minus. Animi laboriosam sed dolor sed numquam quam. Soluta at odio nulla doloribus omnis.',9,1,1,'1983-09-14 15:18:40'),(48,32,70,'Neque non sed officia dolore optio sequi. Aspernatur et odio velit ullam necessitatibus neque. Magnam quia ut ut et qui eaque quo veniam.',5,1,1,'2004-05-23 12:37:06'),(49,57,72,'Rerum consequatur et minus eos nisi fugit eos. Ad non sit eveniet beatae odit ea soluta iste. Illo non et earum distinctio incidunt. Perspiciatis quae perspiciatis est optio nihil similique doloribus.',97,0,1,'2014-06-16 16:39:04'),(50,92,40,'Cupiditate alias aperiam accusantium officiis vel ducimus aperiam iste. Voluptas dolore velit eum odit nihil neque ea aut. Voluptatibus rerum maxime quis fugit quia rem. Vel consectetur officia voluptas sed nihil a.',69,0,1,'2015-10-05 00:57:50'),(51,23,94,'Quisquam tempore nobis iure labore omnis provident quia praesentium. Quod aut dolor autem voluptatem quisquam eveniet et. Officiis quidem occaecati iste assumenda. Explicabo corrupti ea nobis.',52,0,1,'2007-03-02 14:58:25'),(52,1,24,'Nesciunt necessitatibus odit pariatur expedita ipsum odio rerum. Neque neque neque debitis quam earum. Sunt aut voluptate facere numquam assumenda nam.',55,0,1,'2006-01-15 20:13:29'),(53,15,1,'Aliquid rerum amet voluptatem. Nam voluptas porro asperiores ut ut optio corporis quis. Est in corrupti sed occaecati odio eos reprehenderit. Quidem consequatur quo error dolor pariatur qui quisquam.',17,1,0,'2010-06-20 10:39:08'),(54,61,100,'Vel blanditiis quam unde. Nisi officia dolores vitae esse. Sunt facilis repellendus rerum sit sapiente tempore. Voluptas velit accusamus illum sint.',21,0,1,'1974-11-18 20:47:16'),(55,20,96,'Excepturi eum provident suscipit libero eius. Maxime modi dignissimos quis.',52,1,1,'2014-06-01 21:09:26'),(56,21,15,'Sapiente impedit nisi repellat voluptate labore error ipsum. Dolores rem non nam est qui aliquid sit. Accusamus accusantium et sit voluptatem nobis fuga excepturi.',97,1,0,'1984-05-31 03:20:40'),(57,14,22,'Architecto et placeat animi non nihil non veniam distinctio. Eligendi explicabo culpa quasi. Nihil corrupti impedit adipisci.',30,1,1,'2017-11-04 08:27:51'),(58,69,77,'Et eius itaque eos molestias. Eos quas quasi qui numquam molestias suscipit harum. Cum deleniti sit labore sit qui voluptatem. Delectus ad recusandae dolores vero deserunt.',56,1,1,'1987-11-25 14:11:44'),(59,78,58,'Minima sunt quibusdam id laudantium. Vero quidem accusamus praesentium voluptatem. Et voluptate iusto eius labore repellat. Et quos ut dolores temporibus qui autem.',91,0,1,'2004-11-01 09:32:52'),(60,55,2,'Aperiam aperiam voluptate consequatur dolorem quis omnis. Animi veniam qui distinctio quo repellat aliquid doloribus. Vero esse omnis nulla sint quas.',88,1,1,'2003-05-22 14:00:18'),(61,43,11,'Autem dolorum non nobis fuga nulla. Sed cupiditate animi quia. Iste itaque sed rem sed consequatur mollitia. Vel explicabo delectus suscipit labore.',65,1,0,'2010-04-20 20:00:45'),(62,25,90,'Provident neque veritatis perspiciatis aspernatur in dicta. Magnam ipsam id fugit quis fugiat a saepe. Molestiae eaque quo est neque vel. Quibusdam mollitia debitis voluptatem adipisci sit.',61,1,1,'1970-11-05 09:55:33'),(63,75,4,'Voluptas facilis magnam autem enim non qui sunt. Dolores cupiditate libero aut aliquam et neque quasi et. Sed omnis facilis et vitae repudiandae corrupti. Saepe iusto magni suscipit beatae. Magnam commodi aut explicabo vel ea.',11,1,1,'1981-10-08 22:12:18'),(64,93,55,'Quas vero eveniet aut qui dolores totam eveniet labore. Aut voluptatum est est cumque minus animi incidunt. Quae quae minus in ab.',69,0,1,'2012-09-24 03:55:02'),(65,93,99,'Et atque corporis nihil explicabo dolorum. Et quia ea a aut laborum magni corrupti. Sunt repudiandae illum aspernatur ad temporibus nisi delectus.',14,1,0,'1981-08-17 10:19:33'),(66,17,88,'Ipsa ut ut veritatis tempora et velit nostrum. Consequatur iusto reprehenderit occaecati repellendus fugiat. Reiciendis eos quaerat non fugiat omnis labore ut.',62,0,1,'1980-01-28 23:45:38'),(67,87,73,'Placeat odit ipsa explicabo occaecati atque architecto. Repellat ipsum reiciendis non qui dolorem ea.',68,0,1,'1993-06-18 08:54:17'),(68,3,94,'Quo soluta est deleniti et exercitationem perferendis necessitatibus. Perferendis possimus deserunt fuga quia ipsa nesciunt nulla. Voluptatem pariatur rerum repellat placeat corrupti exercitationem. Aspernatur ullam veritatis quae sit qui.',52,1,0,'2000-12-11 03:12:12'),(69,63,33,'Consequuntur nihil pariatur dolores illo sapiente. Quam sapiente autem ut pariatur aliquam voluptates eum et. Assumenda necessitatibus sit facere quasi et sequi aut. Ex nulla praesentium velit dolorem exercitationem assumenda.',55,1,1,'2013-07-20 17:58:58'),(70,72,64,'Omnis dicta sed id incidunt. Quia nostrum id error et impedit. Doloribus et velit natus maxime consequatur. Corporis veniam voluptates voluptatum pariatur facilis qui.',21,0,1,'2004-01-25 05:15:13'),(71,1,15,'Soluta quasi in delectus est nam iusto. Voluptatem at ut error cupiditate perferendis ut. Provident quia cupiditate asperiores maxime itaque. Rerum id vero omnis molestias aliquid temporibus.',38,1,0,'1994-11-27 03:14:32'),(72,71,8,'Sed quas sequi esse explicabo quia expedita sint. Voluptas rerum eaque quas pariatur officia doloremque quasi. Nisi deserunt molestiae quod autem. Adipisci deserunt in nemo consequuntur dolore ad.',26,1,0,'2006-10-17 10:54:28'),(73,27,11,'Debitis facere nobis eos quisquam. Quia nemo odio eos laborum. Ex omnis commodi eaque excepturi pariatur sed facere.',17,1,1,'1982-11-16 05:16:35'),(74,75,41,'Dolorem quod consequatur aperiam unde quos quibusdam. Autem in nihil aspernatur eum eaque eum voluptatem. Placeat nisi et in ut sunt in cumque. Ratione ducimus ut ut rerum.',4,0,1,'1994-06-25 22:27:07'),(75,79,73,'Est iure dolores sunt dolor neque. A eaque nihil cum. Officiis officiis quis dolorum amet repellendus.',69,0,1,'1970-03-20 20:25:06'),(76,27,13,'Beatae suscipit est quis enim molestiae velit. Eum laborum reiciendis voluptas illo voluptate recusandae. Et nisi dignissimos et dolorum voluptatem optio repellat consequatur. Dignissimos voluptate incidunt cumque quo rerum ea.',32,1,0,'1986-07-18 23:13:39'),(77,86,90,'Incidunt aut porro modi reprehenderit ab sunt. Est quo eligendi rem quas at fuga illo. Optio dolores eos et totam est ab doloribus. Quam ut sit voluptatum reiciendis temporibus.',54,0,0,'1973-11-03 16:03:04'),(78,93,95,'Et illo corporis rem id necessitatibus. Animi vel explicabo et nihil et qui delectus. Illo sunt voluptatem illum. Error dolores ducimus nemo sit ut cupiditate voluptates. Incidunt temporibus aspernatur fuga distinctio aliquam dolorem fugit.',73,0,0,'1994-12-19 14:43:52'),(79,94,83,'Inventore molestiae ut consequatur est. Id rem vel veritatis rerum praesentium libero qui. Animi pariatur exercitationem molestiae dolores et eaque.',1,0,1,'1992-01-21 02:31:14'),(80,34,20,'Repellendus voluptates provident in repudiandae totam. Sed ut quaerat et dignissimos. Ea est illum impedit quis voluptas magni.',86,0,0,'2019-10-16 21:04:37'),(81,98,29,'Atque aut asperiores quos et officiis. Dignissimos quibusdam maxime nemo dolor dolor voluptatem et. Labore tempora voluptatibus quis et voluptatem ea vel.',26,1,0,'1991-09-05 07:28:13'),(82,49,58,'Dicta explicabo molestiae et aut et suscipit quos. Molestiae culpa laborum nulla ex. Nihil aut neque tempore in earum. Autem aut quos sed omnis doloribus.',71,1,1,'1974-06-17 10:06:29'),(83,44,45,'Ut sunt repellendus veritatis id. Voluptatibus adipisci quisquam enim sed omnis. Velit expedita ab ea et quos rem ex.',79,1,0,'1983-04-25 00:14:48'),(84,93,27,'Aut consequatur soluta est sapiente voluptas facere dicta. Ut ut et et pariatur dolores. Tenetur quae perferendis dolorem dicta aperiam.',80,1,1,'1987-12-05 10:31:51'),(85,59,11,'Ea quasi perspiciatis ratione id placeat non itaque. Et est molestiae sit. Enim incidunt aliquam veniam ducimus aperiam.',61,1,1,'2013-04-06 20:08:31'),(86,77,53,'Dignissimos iusto rerum sit eveniet recusandae sunt rem saepe. Consequatur illum autem quasi eveniet eius quia. Nisi laudantium temporibus blanditiis dolor architecto et.',67,0,1,'1991-09-04 08:47:00'),(87,33,4,'Consequatur modi doloribus laudantium illo fugit. Consectetur quia illo rerum assumenda recusandae et. Nisi assumenda officia non sint dolores placeat atque. Tempora rem a repellat aspernatur dolores atque.',51,0,1,'1985-07-31 02:23:08'),(88,22,96,'Ut sit consequuntur natus aut est. Non quia quia esse deleniti aperiam aut. Dignissimos est sint cupiditate ex unde.',55,0,0,'1995-02-22 05:11:14'),(89,15,84,'Dolor quibusdam quasi modi sunt corrupti fugit. Similique sunt accusamus esse eos ea nesciunt. Assumenda iusto omnis ad repellendus.',21,0,0,'1991-11-03 14:57:01'),(90,77,33,'Sequi non quibusdam consequatur quia voluptatem. Debitis voluptate suscipit consequatur qui cum eaque. Ad cupiditate quasi laborum voluptas possimus autem fugiat.',41,0,1,'1979-06-05 14:46:41'),(91,34,70,'Voluptas tempore voluptas provident fuga corrupti. Ex ut quod iusto nihil ratione ad. Aut aut voluptatibus vitae aut incidunt.',39,1,1,'1999-12-29 00:38:47'),(92,48,28,'Voluptas facere voluptatem vero numquam et assumenda autem. Cumque repudiandae sit eligendi. Ipsa nemo numquam corrupti consequatur fugit. Aperiam suscipit saepe facilis. Aut ut autem nesciunt ut.',73,1,1,'1992-10-28 09:02:46'),(93,97,99,'Expedita debitis expedita aut. Rerum ad autem impedit similique sequi. Ducimus ipsa consequatur alias asperiores qui id.',45,0,1,'1995-05-19 03:54:54'),(94,2,16,'Provident quaerat voluptates doloremque eius et. Nam et quibusdam autem omnis. Officiis sit eius qui nisi delectus praesentium aliquid. Officiis numquam doloribus impedit fuga sint unde est et.',8,1,0,'2019-12-31 12:52:49'),(95,71,9,'Dolor repellat enim fugit porro aut vel aut. Ipsa vel soluta illo minus inventore quia alias. Aut in omnis est. Sed qui aut doloribus corrupti in maxime.',2,1,0,'1975-08-04 09:19:17'),(96,28,16,'Corrupti repellat voluptatem laboriosam ipsa quas. Aut consequuntur soluta eveniet vel. Id id occaecati qui quod. Doloribus magnam aut provident dolore. Error saepe distinctio quidem aut eligendi molestiae.',85,0,1,'1971-03-16 05:16:57'),(97,95,27,'Sit voluptas eligendi enim id nostrum et aliquid voluptatem. Sit id ratione voluptates esse aut sunt. Voluptas quos ratione in modi.',19,0,0,'2001-10-12 12:17:28'),(98,48,57,'Illo suscipit nam aut rem sequi architecto. Voluptatem est incidunt et ut. Qui quasi aut quo et praesentium in quam. Et officia repellendus mollitia consequuntur voluptatem.',41,1,0,'1991-10-05 04:30:17'),(99,41,36,'Et est placeat consequuntur minima culpa. Excepturi iusto omnis voluptatem vero perspiciatis quasi ab delectus. Officia delectus qui assumenda veritatis. Est eos occaecati doloremque cumque molestiae.',47,0,0,'1992-07-01 11:09:35'),(100,55,65,'Magni omnis non aut ut ipsum dignissimos voluptates. Doloribus sint ut omnis in laborum. Autem qui dicta eius sint ab maiores omnis. Aut aut voluptatem quia et omnis voluptatem.',12,1,0,'2010-05-02 20:39:47');
/*!40000 ALTER TABLE `messages` ENABLE KEYS */;
UNLOCK TABLES;

--
-- Table structure for table `profiles`
--

DROP TABLE IF EXISTS `profiles`;
/*!40101 SET @saved_cs_client     = @@character_set_client */;
/*!50503 SET character_set_client = utf8mb4 */;
CREATE TABLE `profiles` (
  `user_id` int unsigned NOT NULL COMMENT 'Ссылка на пользователя',
  `gender` enum('M','F') COLLATE utf8_unicode_ci NOT NULL,
  `birthday` date DEFAULT NULL COMMENT 'Дата рождения',
  `city` varchar(130) CHARACTER SET utf8 COLLATE utf8_unicode_ci DEFAULT NULL COMMENT 'Город проживания',
  `country` varchar(130) CHARACTER SET utf8 COLLATE utf8_unicode_ci DEFAULT NULL COMMENT 'Страна проживания',
  `created_at` datetime DEFAULT CURRENT_TIMESTAMP COMMENT 'Время создания строки',
  `updated_at` datetime DEFAULT CURRENT_TIMESTAMP ON UPDATE CURRENT_TIMESTAMP COMMENT 'Время обновления строки',
  PRIMARY KEY (`user_id`)
) ENGINE=InnoDB DEFAULT CHARSET=utf8 COLLATE=utf8_unicode_ci COMMENT='Профили';
/*!40101 SET character_set_client = @saved_cs_client */;

--
-- Dumping data for table `profiles`
--

LOCK TABLES `profiles` WRITE;
/*!40000 ALTER TABLE `profiles` DISABLE KEYS */;
INSERT INTO `profiles` VALUES (1,'F','1970-05-16','Wunschborough','Guam','2001-06-17 10:52:24','2020-11-17 16:24:39'),(2,'F','1997-10-01','New Keshawn','Holy See (Vatican City State)','1996-07-02 12:26:17','1999-05-22 06:54:10'),(3,'F','2019-05-03','Port Lucinda','Brunei Darussalam','2000-03-03 17:10:39','2017-09-29 10:15:58'),(4,'F','1973-06-28','South Susanaside','Malta','2007-11-06 16:49:08','2020-11-17 16:24:39'),(5,'M','1978-01-18','Port Patience','Denmark','1990-12-29 06:55:43','2006-08-10 01:44:31'),(6,'F','2006-01-14','Shanahanview','Yemen','1994-03-07 10:35:33','2020-11-17 16:24:39'),(7,'F','1979-03-28','South Elena','Saint Kitts and Nevis','2020-09-17 01:36:21','2020-11-17 16:24:39'),(8,'F','1997-05-11','Mannburgh','Benin','1998-08-13 01:53:02','2020-11-17 16:24:39'),(9,'M','2017-06-29','Elbertmouth','French Southern Territories','2002-05-20 06:07:49','2012-05-11 21:14:58'),(10,'M','2001-03-26','New Estebanfort','Bangladesh','2006-07-29 15:44:35','2020-11-17 16:24:39'),(11,'F','2009-09-02','West Jayberg','French Polynesia','1987-09-13 15:41:26','2018-11-15 14:06:01'),(12,'M','2003-10-13','New Arianemouth','Yemen','2009-09-18 19:20:06','2020-11-17 16:24:39'),(13,'M','2013-10-31','Pearlside','Liberia','1997-09-19 05:12:28','2018-01-02 08:59:47'),(14,'M','2019-10-15','West Davon','Venezuela','2000-07-13 00:52:50','2020-11-17 16:24:39'),(15,'F','1982-08-14','Kossstad','Saint Martin','1973-03-28 06:09:05','2006-06-21 06:26:01'),(16,'M','2005-01-21','Daughertytown','Sweden','2013-07-05 23:39:20','2020-11-17 16:24:39'),(17,'F','1972-11-16','Hahnburgh','Azerbaijan','1993-09-23 18:26:42','2014-10-21 09:13:07'),(18,'M','1972-08-08','Margarettaport','Tuvalu','1999-08-07 13:07:49','2018-05-19 01:35:38'),(19,'M','2007-08-06','North Reaganhaven','Norway','2020-03-03 16:21:41','2020-11-17 16:24:39'),(20,'M','2013-05-27','Arnulfomouth','Botswana','1975-08-09 14:46:10','2018-01-04 21:31:56'),(21,'F','1999-08-27','Port Berryburgh','Chile','1973-05-11 07:47:09','2005-04-13 05:28:29'),(22,'M','1983-04-10','Starkburgh','India','2008-04-12 22:35:09','2019-11-26 01:50:03'),(23,'M','2012-11-01','New Mia','Ethiopia','2019-05-28 17:06:13','2020-11-17 16:24:39'),(24,'F','1985-06-19','Wilkinsonton','Bermuda','1994-07-08 07:15:55','2020-11-17 16:24:39'),(25,'M','1976-12-24','Lake Elody','Montenegro','2009-05-30 19:15:04','2018-02-11 22:05:49'),(26,'F','2003-06-16','Schadenhaven','Japan','2006-03-29 19:30:05','2020-11-17 16:24:39'),(27,'F','2014-05-19','Peterfort','Guernsey','2009-01-11 22:47:24','2013-02-06 09:02:03'),(28,'M','1970-08-28','Hyattchester','Spain','2007-12-27 03:21:33','2020-11-17 16:24:39'),(29,'F','1976-11-26','Elmirahaven','Ireland','1970-09-10 07:52:22','1992-04-05 12:13:25'),(30,'M','1998-04-11','Port Charleneside','Singapore','2010-07-07 02:15:51','2020-11-17 16:24:39'),(31,'M','1974-03-23','Millerburgh','Mongolia','1975-02-22 18:07:01','1983-06-05 06:38:45'),(32,'M','2017-05-22','New Merl','Central African Republic','2009-03-23 08:40:36','2011-08-28 00:13:26'),(33,'F','2006-07-25','Blickmouth','India','1975-10-29 09:06:52','2018-11-14 19:03:37'),(34,'M','1972-06-18','Veumbury','Hong Kong','1974-07-08 23:35:42','2014-04-08 02:30:11'),(35,'M','1983-01-21','Port Quinn','Nauru','2014-05-13 12:58:49','2020-11-17 16:24:39'),(36,'M','1991-04-24','Lake Mckayla','Canada','1972-02-10 01:13:38','1978-12-08 20:03:06'),(37,'M','1990-08-09','South Bradford','Latvia','1985-01-20 04:18:15','2020-11-17 16:24:39'),(38,'F','1981-04-25','New Kole','Turkey','1976-12-24 21:59:41','2000-05-09 03:39:03'),(39,'F','2006-04-21','Schroederstad','Somalia','1993-09-03 01:50:58','2004-11-26 16:06:35'),(40,'M','2001-09-20','Bernhardtown','Madagascar','1973-06-23 13:12:21','2015-05-18 02:12:58'),(41,'M','2006-06-20','West Queen','Uruguay','2008-02-24 19:13:14','2020-11-17 16:24:39'),(42,'F','2004-01-29','Sigmundton','Lesotho','2005-01-02 10:03:07','2020-11-17 16:24:39'),(43,'M','2009-07-17','Buckridgechester','Indonesia','2017-08-12 03:26:25','2020-11-17 16:24:39'),(44,'F','2020-06-01','West Hestertown','India','1990-03-04 21:44:36','2020-11-17 16:24:39'),(45,'F','1997-06-28','Berylstad','Indonesia','2020-09-15 00:35:05','2020-11-17 16:24:39'),(46,'F','2015-08-26','Carissastad','Martinique','2000-03-02 12:46:58','2020-11-17 16:24:39'),(47,'F','2002-10-28','D\'Amoreburgh','Lesotho','2015-01-18 02:38:42','2020-11-17 16:24:39'),(48,'M','2002-04-12','New Daphneymouth','Tuvalu','1978-07-22 11:37:46','2002-12-30 11:31:04'),(49,'M','2011-08-26','North Turnermouth','Algeria','1986-08-04 22:40:50','2012-07-06 04:44:48'),(50,'F','1989-10-16','Adrainland','United States Virgin Islands','1980-10-02 20:23:36','2005-12-17 03:20:07'),(51,'M','1994-07-19','Bonnieborough','Pitcairn Islands','2008-04-27 10:05:04','2020-11-17 16:24:39'),(52,'M','2000-08-10','New Gerson','Sao Tome and Principe','1989-05-04 00:01:37','2020-11-17 16:24:39'),(53,'F','1974-06-04','North Kathryne','Sudan','2008-02-18 18:03:03','2020-11-17 16:24:39'),(54,'M','1996-12-03','New Thelma','Montserrat','2020-04-05 22:38:04','2020-11-17 16:24:39'),(55,'F','1995-06-16','Lake Raina','Botswana','1985-07-29 15:38:37','2014-03-15 23:03:23'),(56,'M','1977-02-08','North Halfort','Peru','1976-06-10 10:51:36','1996-08-16 05:14:36'),(57,'M','2020-03-29','Port Quintonbury','Brazil','2020-04-26 13:06:04','2020-11-17 16:24:39'),(58,'F','1973-05-25','Mittieborough','Bouvet Island (Bouvetoya)','1992-08-22 11:05:40','2020-11-17 16:24:39'),(59,'F','1996-04-27','West Armani','Jordan','1980-09-16 22:17:16','1983-11-27 07:46:23'),(60,'F','1979-10-17','Port Tarynfort','Holy See (Vatican City State)','2002-07-31 02:24:41','2005-09-11 10:55:12'),(61,'M','1978-01-11','Quitzonhaven','Peru','2015-03-16 06:38:10','2020-11-17 16:24:39'),(62,'F','2005-11-11','New Estellaville','Liechtenstein','2019-01-15 18:01:11','2020-11-17 16:24:39'),(63,'F','1988-03-17','South Hester','Denmark','1981-03-20 15:59:00','2007-04-09 17:01:31'),(64,'M','2011-12-09','West Addiebury','Chad','1998-08-29 20:20:51','2020-11-17 16:24:39'),(65,'F','1988-10-05','Wiltonchester','China','1979-11-22 05:24:35','2010-10-28 05:02:40'),(66,'F','1985-01-10','Jakemouth','Mexico','1976-07-12 05:26:39','1988-08-08 23:35:34'),(67,'M','1984-07-03','West Deanna','Kenya','1990-11-27 09:57:07','2020-11-17 16:24:39'),(68,'F','1989-09-15','Port Dorothea','Iraq','1999-12-16 11:14:56','2020-11-17 16:24:39'),(69,'F','1975-03-12','South Monicatown','Comoros','2002-12-25 01:28:32','2020-11-17 16:24:39'),(70,'F','2008-02-14','Lake Mustafachester','Tunisia','2008-10-12 01:35:10','2020-11-17 16:24:39'),(71,'M','2020-03-12','East Uniquefurt','Ethiopia','2015-05-02 13:21:01','2020-11-17 16:24:39'),(72,'M','2020-02-14','Alysonstad','Lao People\'s Democratic Republic','1974-01-11 02:50:11','1983-05-16 22:40:11'),(73,'F','2009-11-26','Peggieland','Costa Rica','2001-12-28 07:10:55','2020-11-17 16:24:39'),(74,'M','2002-04-07','Stokesport','Namibia','2008-02-14 12:17:05','2020-11-17 16:24:39'),(75,'M','1998-04-14','Port Franciscoview','Azerbaijan','1998-01-09 04:20:55','2001-01-03 00:54:22'),(76,'M','1985-02-06','South Eva','Pakistan','1971-12-12 19:51:50','1979-05-14 10:18:17'),(77,'F','1996-07-24','Jaquelinemouth','Czech Republic','1974-03-13 08:59:18','2020-11-17 16:24:39'),(78,'M','1983-05-01','Emilioton','Uganda','1978-11-26 18:33:46','2013-06-22 22:18:36'),(79,'F','1972-08-21','Lefflerville','Bhutan','1973-09-22 19:02:49','1977-12-15 18:50:18'),(80,'M','2016-09-17','Kreigerburgh','Cyprus','2005-11-06 19:03:31','2020-11-17 16:24:39'),(81,'F','1974-05-10','West Brooklyn','Myanmar','1991-01-20 12:37:35','2012-09-10 06:27:03'),(82,'M','1978-10-28','North Precious','Germany','1974-05-01 12:42:06','2000-08-21 21:29:24'),(83,'M','1994-12-20','Grahamland','Guatemala','1998-03-29 13:20:34','2010-09-22 00:58:03'),(84,'F','2000-08-18','Gusikowskimouth','Tuvalu','1975-09-15 12:36:53','1992-04-03 15:46:04'),(85,'F','2020-09-15','North Lilianchester','Burkina Faso','1984-12-04 10:05:05','1985-03-08 08:42:28'),(86,'M','2017-09-18','Abbeyborough','Jersey','1971-06-28 03:06:35','2003-05-18 07:55:32'),(87,'M','2008-09-21','Wisozkhaven','Fiji','2018-04-01 13:37:08','2020-11-17 16:24:39'),(88,'M','1993-02-23','Kuphalmouth','Guinea','1985-11-28 15:54:24','2020-11-17 16:24:39'),(89,'M','1981-04-15','Bogisichton','Nigeria','2018-09-24 09:55:49','2020-11-17 16:24:39'),(90,'M','1994-09-05','South Alexane','Turkey','1971-09-25 18:20:10','2012-11-02 01:33:49'),(91,'M','1987-12-22','Jessycachester','Botswana','1977-05-12 14:33:39','1978-07-22 21:45:31'),(92,'M','1976-10-10','Ivahshire','Jordan','2017-10-21 13:20:13','2020-11-17 16:24:39'),(93,'M','1996-10-21','Agneshaven','Iceland','1995-10-15 03:37:54','2020-11-17 16:24:39'),(94,'M','2002-06-16','Lake Gaetanoton','Greece','1999-08-26 13:34:22','2020-11-17 16:24:39'),(95,'M','2011-07-24','Lake Floberg','Pakistan','2004-08-25 08:30:55','2020-11-17 16:24:39'),(96,'F','2018-02-03','Dejahborough','Spain','1986-12-02 10:23:51','2010-05-26 18:33:24'),(97,'M','2006-03-08','South Gwen','Malawi','1971-01-06 03:19:27','1983-07-10 12:21:49'),(98,'M','1976-04-14','South Mariah','Latvia','1995-03-21 19:18:35','2011-08-17 16:59:15'),(99,'F','2016-07-01','Port Kyra','Greece','2018-05-03 12:38:53','2019-08-21 17:45:56'),(100,'M','2015-10-25','Port Charliefort','Solomon Islands','1986-02-24 10:30:19','2006-01-31 08:38:11');
/*!40000 ALTER TABLE `profiles` ENABLE KEYS */;
UNLOCK TABLES;

--
-- Table structure for table `users`
--

DROP TABLE IF EXISTS `users`;
/*!40101 SET @saved_cs_client     = @@character_set_client */;
/*!50503 SET character_set_client = utf8mb4 */;
CREATE TABLE `users` (
  `id` int unsigned NOT NULL AUTO_INCREMENT COMMENT 'Идентификатор строки',
  `first_name` varchar(100) CHARACTER SET utf8 COLLATE utf8_unicode_ci NOT NULL COMMENT 'Имя пользователя',
  `last_name` varchar(100) CHARACTER SET utf8 COLLATE utf8_unicode_ci NOT NULL COMMENT 'Фамилия пользователя',
  `email` varchar(100) CHARACTER SET utf8 COLLATE utf8_unicode_ci NOT NULL COMMENT 'Почта',
  `phone` varchar(100) CHARACTER SET utf8 COLLATE utf8_unicode_ci NOT NULL COMMENT 'Телефон',
  `created_at` datetime DEFAULT CURRENT_TIMESTAMP COMMENT 'Время создания строки',
  `updated_at` datetime DEFAULT CURRENT_TIMESTAMP ON UPDATE CURRENT_TIMESTAMP COMMENT 'Время обновления строки',
  PRIMARY KEY (`id`),
  UNIQUE KEY `email` (`email`),
  UNIQUE KEY `phone` (`phone`)
) ENGINE=InnoDB AUTO_INCREMENT=101 DEFAULT CHARSET=utf8 COLLATE=utf8_unicode_ci COMMENT='Пользователи';
/*!40101 SET character_set_client = @saved_cs_client */;

--
-- Dumping data for table `users`
--

LOCK TABLES `users` WRITE;
/*!40000 ALTER TABLE `users` DISABLE KEYS */;
INSERT INTO `users` VALUES (1,'Evan','Kshlerin','scole@example.org','(290)441-0196','2017-12-09 10:12:38','2019-12-26 16:43:05'),(2,'Celia','Brekke','wellington.schmitt@example.com','1-445-320-7528x7153','2020-11-13 11:13:16','2020-11-17 15:56:14'),(3,'Osvaldo','Schneider','willis63@example.org','(218)647-1651','2018-12-21 16:16:11','2020-11-17 15:56:14'),(4,'Wava','Swaniawski','novella73@example.org','124-982-0022x4669','2019-04-23 12:00:03','2020-06-11 18:56:44'),(5,'Kristian','Bartoletti','ushanahan@example.net','073-202-1966x2052','2016-01-03 01:53:05','2016-06-22 05:53:47'),(6,'Ivory','Fisher','hillary.reichert@example.org','1-771-121-2950x336','2019-02-17 20:26:34','2020-11-17 15:56:14'),(7,'Selmer','Renner','joey01@example.net','(405)303-2798x6158','2015-01-08 01:30:00','2020-11-17 15:56:14'),(8,'Annalise','Hahn','stephania.kub@example.net','+28(7)7686738233','2013-12-23 05:22:59','2017-12-29 22:40:40'),(9,'Lillie','Schuster','llowe@example.net','466.383.2397','2012-08-15 17:54:55','2020-11-17 15:56:14'),(10,'Blake','Daniel','kiara95@example.com','634.854.7018x33879','2015-01-08 19:34:46','2016-06-05 22:20:05'),(11,'Jamal','Corkery','ullrich.ramon@example.org','689.123.8883','2017-11-04 16:59:39','2020-11-17 15:56:14'),(12,'Lizeth','Schamberger','akeem.walsh@example.org','06318104587','2020-10-25 11:56:53','2020-11-17 15:56:14'),(13,'Talia','Romaguera','fernser@example.org','(364)247-2958','2019-08-11 03:28:45','2020-11-17 15:56:14'),(14,'Andrew','Rice','elton.pacocha@example.net','1-185-121-2507x7198','2015-04-18 01:30:22','2019-05-31 23:20:47'),(15,'Jaleel','Kozey','jorge.mueller@example.net','170.763.4875x72744','2014-10-28 16:28:41','2020-11-17 15:56:14'),(16,'Kaylee','Fay','tobin18@example.com','06291685357','2013-01-26 12:56:47','2019-04-07 15:33:16'),(17,'Evert','Baumbach','obeatty@example.org','(978)559-5461x9474','2013-07-30 19:05:31','2015-12-28 05:21:20'),(18,'Gladys','Kohler','thiel.heloise@example.net','885.608.9892x629','2019-06-06 22:14:30','2020-11-17 15:56:14'),(19,'Kaitlyn','Torp','braulio06@example.org','214-466-8530x476','2012-05-04 07:59:03','2012-07-05 05:09:48'),(20,'Pierce','Renner','destiney.larkin@example.net','148-102-4475','2015-01-16 04:34:27','2019-11-01 04:04:46'),(21,'Trycia','Connelly','qzboncak@example.com','+01(9)3068282975','2014-07-26 15:51:46','2019-06-15 12:20:47'),(22,'Verla','Boyer','brett14@example.net','(511)231-1126x5208','2019-06-28 19:05:35','2020-11-17 15:56:14'),(23,'Judd','Considine','clarabelle.gulgowski@example.org','453.688.7922x83945','2013-05-28 18:52:55','2020-11-17 15:56:14'),(24,'Dagmar','Bosco','tremblay.rosalyn@example.com','348.913.5951x9911','2012-11-18 11:47:44','2020-11-17 15:56:14'),(25,'Madisen','Mills','boyle.paula@example.org','(497)601-8554x3236','2011-04-12 05:33:42','2014-07-23 00:59:13'),(26,'Gwen','Lowe','reese.cummings@example.org','08586637831','2015-10-18 14:38:38','2020-11-17 15:56:14'),(27,'Haley','Padberg','mwindler@example.net','874-867-8169','2011-04-11 19:41:35','2014-05-19 03:40:46'),(28,'Julianne','Cassin','yhoeger@example.net','+62(1)5694284127','2011-04-27 09:49:42','2017-02-10 07:09:44'),(29,'Barney','Dooley','cquitzon@example.com','634-848-4975','2016-07-03 15:22:48','2019-11-23 22:24:55'),(30,'Cathryn','Pfannerstill','antwon43@example.org','699-312-5296x761','2017-07-02 20:56:01','2020-11-17 15:56:14'),(31,'Rudolph','Pfannerstill','kcorkery@example.org','1-028-606-9427x73048','2013-06-26 17:41:02','2020-05-25 03:32:28'),(32,'Kirsten','Schmidt','ro\'conner@example.com','(381)027-0165x87087','2012-02-09 22:10:48','2020-03-23 06:00:00'),(33,'Briana','Orn','fritz.rau@example.net','(352)680-2820x105','2012-05-16 15:27:25','2013-02-20 19:08:45'),(34,'Rahsaan','Sipes','allen47@example.net','1-385-065-3009x592','2011-10-03 02:04:58','2015-05-10 08:21:29'),(35,'Alvis','Gutmann','twatsica@example.org','08501024867','2013-04-05 17:07:32','2015-05-26 11:25:40'),(36,'Antonette','Corkery','jconsidine@example.com','(132)582-1008','2018-11-02 08:53:44','2020-11-17 15:56:14'),(37,'Hosea','Nicolas','pagac.chaya@example.net','658.027.9515x148','2010-12-28 20:57:38','2012-06-29 08:06:42'),(38,'Kari','Dietrich','cristina.schamberger@example.org','1-596-359-4682x4480','2019-04-20 23:32:24','2020-11-17 15:56:14'),(39,'Cleora','Jones','constantin.rath@example.com','(552)794-0613','2011-12-27 21:09:37','2016-06-20 14:55:34'),(40,'Cyril','Schamberger','madge.keebler@example.net','1-864-137-4009x1538','2018-08-30 18:56:47','2020-11-17 15:56:14'),(41,'Geraldine','Stoltenberg','claud.oberbrunner@example.net','1-496-767-8766x903','2011-08-29 02:29:19','2013-03-17 16:14:56'),(42,'Cleta','West','daisha.sanford@example.net','1-289-994-0651x205','2010-11-28 18:51:51','2012-03-27 04:50:52'),(43,'Sally','Schamberger','jasper86@example.org','+35(2)8668598236','2012-07-13 20:42:17','2017-12-22 07:12:47'),(44,'Jerel','Barton','chet.schulist@example.net','(426)395-9582x8012','2013-07-02 18:09:10','2020-09-28 03:44:23'),(45,'Rosemary','Streich','meda.mills@example.org','838-470-5497x8534','2014-11-20 08:57:55','2016-05-02 10:32:27'),(46,'Broderick','Cole','xberge@example.org','713.643.0180x493','2012-07-29 00:05:56','2019-06-23 05:45:34'),(47,'Maude','Bergstrom','zstrosin@example.org','(874)623-7441x577','2020-10-15 22:11:56','2020-11-17 15:56:14'),(48,'Leo','Crooks','kreiger.coralie@example.org','+22(8)0339784447','2012-08-29 21:25:32','2018-04-08 20:32:22'),(49,'Hannah','Rau','dthompson@example.org','(147)813-7627x3998','2019-05-26 03:02:04','2020-11-17 15:56:14'),(50,'Karlee','Torp','jazmyn.schmidt@example.net','117.688.5836x2157','2016-08-05 01:57:39','2019-09-02 07:31:49'),(51,'Gabe','Rolfson','gaston.koelpin@example.com','314.823.1295','2014-04-28 22:21:25','2017-07-09 01:22:38'),(52,'Graham','Stamm','myriam52@example.com','1-329-474-7458','2013-11-14 13:44:37','2020-11-17 15:56:14'),(53,'Rocio','Conn','iwyman@example.org','1-914-495-7925x748','2015-05-31 00:41:39','2016-10-26 01:50:54'),(54,'Maymie','Russel','runte.sierra@example.net','011.898.7595x76992','2019-12-24 02:38:00','2020-04-30 16:54:53'),(55,'Mariah','Jones','gianni.pfeffer@example.org','360.780.4140','2011-04-02 04:08:41','2015-06-29 19:31:47'),(56,'Charlie','Blick','xmarks@example.org','(004)002-7746x4802','2013-04-04 23:16:24','2018-05-08 01:24:47'),(57,'Dorthy','Buckridge','mupton@example.net','00021317458','2011-05-19 12:07:34','2012-02-04 20:52:13'),(58,'Lia','Skiles','deontae.d\'amore@example.org','1-220-669-7453x588','2015-04-12 20:29:06','2020-11-17 15:56:14'),(59,'Margaret','Hayes','qmante@example.com','684-905-1421x3448','2016-12-15 17:36:30','2020-11-17 15:56:14'),(60,'Roslyn','Leannon','franecki.katheryn@example.com','517-178-0478x5334','2016-02-14 05:11:25','2017-11-28 23:08:53'),(61,'Caesar','Parker','bosco.vivienne@example.com','(507)527-3267','2020-04-26 00:29:18','2020-11-17 15:56:14'),(62,'Bud','Corwin','bridget.greenfelder@example.com','1-543-838-0687x29523','2013-04-14 12:51:24','2020-08-02 16:11:17'),(63,'Javon','Hane','izabella.collins@example.org','1-907-854-1266x1056','2018-12-28 14:11:58','2020-11-17 15:56:14'),(64,'Roberta','Morissette','haag.augustus@example.net','(044)416-6400x27598','2020-08-05 18:17:25','2020-11-17 15:56:14'),(65,'Elmer','Mertz','tanner.effertz@example.com','300-563-2491','2011-02-06 07:50:43','2013-03-31 18:37:14'),(66,'Cara','Flatley','smitham.zena@example.net','(956)900-5339x952','2020-05-15 00:10:45','2020-11-17 15:56:14'),(67,'Noemy','Treutel','jacobs.edd@example.net','07197634883','2013-04-27 05:47:50','2020-11-17 15:56:14'),(68,'Leilani','Hagenes','jeramy.block@example.org','781.114.2179','2012-10-14 20:44:06','2020-09-04 04:24:47'),(69,'Ryder','Schmitt','michael.lueilwitz@example.com','(351)575-1766','2018-01-05 01:30:46','2020-11-17 15:56:14'),(70,'Angelica','Carter','kuhn.scottie@example.net','(593)776-0017x0623','2013-09-09 10:54:08','2014-07-13 01:28:04'),(71,'Destin','Pfeffer','xwuckert@example.com','738-313-7087','2016-03-24 17:00:55','2020-11-17 15:56:14'),(72,'Ervin','Auer','jstehr@example.com','1-449-130-0969x11619','2013-12-12 00:04:18','2020-09-25 05:23:40'),(73,'Brock','Bednar','gretchen.daniel@example.net','134.573.5789x528','2017-04-05 01:20:38','2020-01-15 13:42:41'),(74,'Graciela','Dicki','rolfson.cesar@example.org','+47(0)8798472470','2015-01-10 02:21:48','2020-11-17 15:56:14'),(75,'Luella','Hahn','tony.raynor@example.net','671-614-0598x1305','2014-06-03 01:06:03','2020-11-17 15:56:14'),(76,'August','Grimes','dashawn23@example.com','644.056.9105','2014-11-20 12:07:58','2020-11-17 15:56:14'),(77,'Zander','Bashirian','leannon.joyce@example.net','551-538-7156x16974','2012-03-13 05:31:29','2012-07-01 17:14:51'),(78,'Addison','Casper','dromaguera@example.org','367.547.4085','2018-07-01 23:11:41','2020-11-17 15:56:14'),(79,'Germaine','Tremblay','heathcote.mariane@example.org','(468)779-6156x3105','2012-06-16 17:41:24','2013-01-13 14:12:55'),(80,'Roxanne','McCullough','jdach@example.com','1-645-518-3486x06269','2018-06-08 04:42:50','2020-11-17 15:56:14'),(81,'Asia','Hand','favian90@example.net','(485)864-4982','2011-03-13 00:26:12','2017-11-29 00:11:35'),(82,'Nils','Hauck','ccremin@example.com','995.211.9977','2014-06-28 02:18:22','2018-08-06 08:32:46'),(83,'Nora','Russel','kurtis47@example.com','(495)353-3218','2015-07-22 07:52:35','2020-04-30 01:55:15'),(84,'Chesley','Becker','mckenzie.sheila@example.org','297-801-3087','2019-10-29 15:11:24','2020-11-17 15:56:14'),(85,'Arlo','Mraz','shayna.klocko@example.net','(060)595-8362','2019-08-01 11:35:03','2019-09-25 02:50:08'),(86,'Blaze','Weissnat','geraldine.torp@example.net','1-454-464-2851','2019-12-07 11:45:28','2020-11-17 15:56:14'),(87,'Royce','Gaylord','mertz.willow@example.org','673-609-0366','2016-05-09 15:13:39','2020-11-17 15:56:14'),(88,'Haylee','Mraz','reynolds.willard@example.net','167-386-4624x743','2012-04-05 08:57:01','2015-01-25 09:38:32'),(89,'Joanie','Lynch','mdaugherty@example.net','+68(9)5828816747','2015-11-21 11:07:32','2020-11-17 15:56:14'),(90,'Oral','Terry','laverna.quigley@example.org','(954)510-4225x1759','2018-02-05 02:19:46','2020-11-17 15:56:14'),(91,'Chaim','Hilpert','hammes.maci@example.net','254.387.7553','2013-04-25 10:47:59','2015-08-17 09:09:45'),(92,'Laura','Tremblay','omann@example.net','412-088-7811x781','2010-12-17 19:48:29','2017-06-24 21:57:19'),(93,'Valerie','Schoen','pwiza@example.net','08595952863','2015-01-31 00:16:28','2015-02-13 21:58:21'),(94,'Lilla','Kuhn','lauriane.schmidt@example.org','04950936438','2017-11-06 21:46:29','2020-11-17 15:56:14'),(95,'Joan','Shields','meggie.dooley@example.net','376-610-3290','2014-03-26 03:57:51','2015-04-19 20:40:14'),(96,'Zackary','Swaniawski','graham.cordelia@example.org','(006)106-4499x2991','2016-05-09 03:54:33','2020-11-17 15:56:14'),(97,'Lina','Mann','jaycee66@example.net','692-470-5855x722','2012-09-27 03:03:43','2017-06-04 11:10:39'),(98,'Mathilde','Yost','hyman.boyer@example.com','1-369-817-0181x68974','2017-10-26 08:53:02','2020-11-17 15:56:14'),(99,'Lloyd','Rowe','lrempel@example.com','128-821-4003x48134','2015-09-05 10:54:18','2020-08-17 00:41:16'),(100,'Andre','Kris','ppollich@example.com','04612401372','2011-10-18 18:47:17','2017-06-25 02:10:00');
/*!40000 ALTER TABLE `users` ENABLE KEYS */;
UNLOCK TABLES;
/*!40103 SET TIME_ZONE=@OLD_TIME_ZONE */;

/*!40101 SET SQL_MODE=@OLD_SQL_MODE */;
/*!40014 SET FOREIGN_KEY_CHECKS=@OLD_FOREIGN_KEY_CHECKS */;
/*!40014 SET UNIQUE_CHECKS=@OLD_UNIQUE_CHECKS */;
/*!40101 SET CHARACTER_SET_CLIENT=@OLD_CHARACTER_SET_CLIENT */;
/*!40101 SET CHARACTER_SET_RESULTS=@OLD_CHARACTER_SET_RESULTS */;
/*!40101 SET COLLATION_CONNECTION=@OLD_COLLATION_CONNECTION */;
/*!40111 SET SQL_NOTES=@OLD_SQL_NOTES */;

-- Dump completed on 2020-11-17 18:30:10
