-- MySQL dump 10.13  Distrib 8.0.22, for osx10.16 (x86_64)
--
-- Host: localhost    Database: shop
-- ------------------------------------------------------
-- Server version	8.0.22

/*!40101 SET @OLD_CHARACTER_SET_CLIENT=@@CHARACTER_SET_CLIENT */;
/*!40101 SET @OLD_CHARACTER_SET_RESULTS=@@CHARACTER_SET_RESULTS */;
/*!40101 SET @OLD_COLLATION_CONNECTION=@@COLLATION_CONNECTION */;
/*!50503 SET NAMES utf8mb4 */;
/*!40103 SET @OLD_TIME_ZONE=@@TIME_ZONE */;
/*!40103 SET TIME_ZONE='+00:00' */;
/*!40014 SET @OLD_UNIQUE_CHECKS=@@UNIQUE_CHECKS, UNIQUE_CHECKS=0 */;
/*!40014 SET @OLD_FOREIGN_KEY_CHECKS=@@FOREIGN_KEY_CHECKS, FOREIGN_KEY_CHECKS=0 */;
/*!40101 SET @OLD_SQL_MODE=@@SQL_MODE, SQL_MODE='NO_AUTO_VALUE_ON_ZERO' */;
/*!40111 SET @OLD_SQL_NOTES=@@SQL_NOTES, SQL_NOTES=0 */;

--
-- Table structure for table `catalogs`
--

DROP TABLE IF EXISTS `catalogs`;
/*!40101 SET @saved_cs_client     = @@character_set_client */;
/*!50503 SET character_set_client = utf8mb4 */;
CREATE TABLE `catalogs` (
  `id` bigint unsigned NOT NULL AUTO_INCREMENT,
  `name` varchar(255) DEFAULT NULL COMMENT 'Название раздела',
  PRIMARY KEY (`id`),
  UNIQUE KEY `id` (`id`),
  UNIQUE KEY `unique_name` (`name`(10))
) ENGINE=InnoDB AUTO_INCREMENT=6 DEFAULT CHARSET=utf8 COMMENT='Разделы интернет-магазина';
/*!40101 SET character_set_client = @saved_cs_client */;

--
-- Dumping data for table `catalogs`
--

LOCK TABLES `catalogs` WRITE;
/*!40000 ALTER TABLE `catalogs` DISABLE KEYS */;
INSERT INTO `catalogs` VALUES (1,'Процессоры'),(2,'Материнские платы'),(3,'Видеокарты'),(4,'Жесткие диски'),(5,'Оперативная память');
/*!40000 ALTER TABLE `catalogs` ENABLE KEYS */;
UNLOCK TABLES;

--
-- Table structure for table `cities`
--

DROP TABLE IF EXISTS `cities`;
/*!40101 SET @saved_cs_client     = @@character_set_client */;
/*!50503 SET character_set_client = utf8mb4 */;
CREATE TABLE `cities` (
  `label` varchar(100) DEFAULT NULL,
  `name` varchar(100) DEFAULT NULL
) ENGINE=InnoDB DEFAULT CHARSET=utf8;
/*!40101 SET character_set_client = @saved_cs_client */;

--
-- Dumping data for table `cities`
--

LOCK TABLES `cities` WRITE;
/*!40000 ALTER TABLE `cities` DISABLE KEYS */;
INSERT INTO `cities` VALUES ('moscow','Москва'),('novgorod','Новгород'),('irkutsk','Иркутск'),('omsk','Омск'),('kazan','Казань');
/*!40000 ALTER TABLE `cities` ENABLE KEYS */;
UNLOCK TABLES;

--
-- Table structure for table `discounts`
--

DROP TABLE IF EXISTS `discounts`;
/*!40101 SET @saved_cs_client     = @@character_set_client */;
/*!50503 SET character_set_client = utf8mb4 */;
CREATE TABLE `discounts` (
  `id` bigint unsigned NOT NULL AUTO_INCREMENT,
  `user_id` int unsigned DEFAULT NULL,
  `product_id` int unsigned DEFAULT NULL,
  `discount` float unsigned DEFAULT NULL COMMENT 'Величина скидки от 0.0 до 1.0',
  `started_at` datetime DEFAULT NULL,
  `finished_at` datetime DEFAULT NULL,
  `created_at` datetime DEFAULT CURRENT_TIMESTAMP,
  `updated_at` datetime DEFAULT CURRENT_TIMESTAMP ON UPDATE CURRENT_TIMESTAMP,
  PRIMARY KEY (`id`),
  UNIQUE KEY `id` (`id`),
  KEY `index_of_user_id` (`user_id`),
  KEY `index_of_product_id` (`product_id`)
) ENGINE=InnoDB DEFAULT CHARSET=utf8 COMMENT='Скидки';
/*!40101 SET character_set_client = @saved_cs_client */;

--
-- Dumping data for table `discounts`
--

LOCK TABLES `discounts` WRITE;
/*!40000 ALTER TABLE `discounts` DISABLE KEYS */;
/*!40000 ALTER TABLE `discounts` ENABLE KEYS */;
UNLOCK TABLES;

--
-- Table structure for table `flights`
--

DROP TABLE IF EXISTS `flights`;
/*!40101 SET @saved_cs_client     = @@character_set_client */;
/*!50503 SET character_set_client = utf8mb4 */;
CREATE TABLE `flights` (
  `id` bigint unsigned NOT NULL AUTO_INCREMENT,
  `from` varchar(100) DEFAULT NULL,
  `to` varchar(100) DEFAULT NULL,
  PRIMARY KEY (`id`),
  UNIQUE KEY `id` (`id`)
) ENGINE=InnoDB AUTO_INCREMENT=6 DEFAULT CHARSET=utf8;
/*!40101 SET character_set_client = @saved_cs_client */;

--
-- Dumping data for table `flights`
--

LOCK TABLES `flights` WRITE;
/*!40000 ALTER TABLE `flights` DISABLE KEYS */;
INSERT INTO `flights` VALUES (1,'moscow','omsk'),(2,'novgorod','kazan'),(3,'irkutsk','moscow'),(4,'omsk','irkutsk'),(5,'moscow','kazan');
/*!40000 ALTER TABLE `flights` ENABLE KEYS */;
UNLOCK TABLES;

--
-- Table structure for table `orders`
--

DROP TABLE IF EXISTS `orders`;
/*!40101 SET @saved_cs_client     = @@character_set_client */;
/*!50503 SET character_set_client = utf8mb4 */;
CREATE TABLE `orders` (
  `id` bigint unsigned NOT NULL AUTO_INCREMENT,
  `user_id` int unsigned DEFAULT NULL,
  `created_at` datetime DEFAULT CURRENT_TIMESTAMP,
  `updated_at` datetime DEFAULT CURRENT_TIMESTAMP ON UPDATE CURRENT_TIMESTAMP,
  PRIMARY KEY (`id`),
  UNIQUE KEY `id` (`id`),
  KEY `index_of_user_id` (`user_id`)
) ENGINE=InnoDB AUTO_INCREMENT=7 DEFAULT CHARSET=utf8 COMMENT='Заказы';
/*!40101 SET character_set_client = @saved_cs_client */;

--
-- Dumping data for table `orders`
--

LOCK TABLES `orders` WRITE;
/*!40000 ALTER TABLE `orders` DISABLE KEYS */;
INSERT INTO `orders` VALUES (1,6,'2020-11-29 14:30:36','2020-11-29 14:30:36'),(2,6,'2020-11-29 14:30:36','2020-11-29 14:31:46'),(3,4,'2020-11-29 14:30:36','2020-11-29 14:30:36'),(4,6,'2020-11-29 14:30:36','2020-11-29 14:31:25'),(5,2,'2020-11-29 14:30:36','2020-11-29 14:30:36'),(6,3,'2020-11-29 14:30:36','2020-11-29 14:30:36');
/*!40000 ALTER TABLE `orders` ENABLE KEYS */;
UNLOCK TABLES;

--
-- Table structure for table `orders_products`
--

DROP TABLE IF EXISTS `orders_products`;
/*!40101 SET @saved_cs_client     = @@character_set_client */;
/*!50503 SET character_set_client = utf8mb4 */;
CREATE TABLE `orders_products` (
  `id` bigint unsigned NOT NULL AUTO_INCREMENT,
  `order_id` int unsigned DEFAULT NULL,
  `product_id` int unsigned DEFAULT NULL,
  `total` int unsigned DEFAULT '1' COMMENT 'Количество заказанных товарных позиций',
  `created_at` datetime DEFAULT CURRENT_TIMESTAMP,
  `updated_at` datetime DEFAULT CURRENT_TIMESTAMP ON UPDATE CURRENT_TIMESTAMP,
  PRIMARY KEY (`id`),
  UNIQUE KEY `id` (`id`)
) ENGINE=InnoDB DEFAULT CHARSET=utf8 COMMENT='Состав заказа';
/*!40101 SET character_set_client = @saved_cs_client */;

--
-- Dumping data for table `orders_products`
--

LOCK TABLES `orders_products` WRITE;
/*!40000 ALTER TABLE `orders_products` DISABLE KEYS */;
/*!40000 ALTER TABLE `orders_products` ENABLE KEYS */;
UNLOCK TABLES;

--
-- Table structure for table `products`
--

DROP TABLE IF EXISTS `products`;
/*!40101 SET @saved_cs_client     = @@character_set_client */;
/*!50503 SET character_set_client = utf8mb4 */;
CREATE TABLE `products` (
  `id` bigint unsigned NOT NULL AUTO_INCREMENT,
  `name` varchar(255) DEFAULT NULL COMMENT 'Название',
  `desription` text COMMENT 'Описание',
  `price` decimal(11,2) DEFAULT NULL COMMENT 'Цена',
  `catalog_id` int unsigned DEFAULT NULL,
  `created_at` datetime DEFAULT CURRENT_TIMESTAMP,
  `updated_at` datetime DEFAULT CURRENT_TIMESTAMP ON UPDATE CURRENT_TIMESTAMP,
  PRIMARY KEY (`id`),
  UNIQUE KEY `id` (`id`),
  KEY `index_of_catalog_id` (`catalog_id`)
) ENGINE=InnoDB AUTO_INCREMENT=8 DEFAULT CHARSET=utf8 COMMENT='Товарные позиции';
/*!40101 SET character_set_client = @saved_cs_client */;

--
-- Dumping data for table `products`
--

LOCK TABLES `products` WRITE;
/*!40000 ALTER TABLE `products` DISABLE KEYS */;
INSERT INTO `products` VALUES (1,'товар 1','описание товара 1',150.00,1,'2020-11-29 14:53:59','2020-11-29 14:53:59'),(2,'товар 2','описание товара 2',250.00,1,'2020-11-29 14:54:18','2020-11-29 14:54:18'),(3,'товар 3','описание товара 3',350.00,3,'2020-11-29 14:54:45','2020-11-29 14:54:45'),(4,'товар 4','описание товара 4',550.00,3,'2020-11-29 14:54:56','2020-11-29 14:54:56'),(5,'товар 5','описание товара 5',300.00,4,'2020-11-29 14:55:08','2020-11-29 14:55:08'),(6,'товар 6','описание товара 6',500.00,5,'2020-11-29 14:55:28','2020-11-29 14:55:28'),(7,'товар 7','описание товара 7',500.00,5,'2020-11-29 14:55:43','2020-11-29 14:55:43');
/*!40000 ALTER TABLE `products` ENABLE KEYS */;
UNLOCK TABLES;

--
-- Table structure for table `rubrics`
--

DROP TABLE IF EXISTS `rubrics`;
/*!40101 SET @saved_cs_client     = @@character_set_client */;
/*!50503 SET character_set_client = utf8mb4 */;
CREATE TABLE `rubrics` (
  `id` bigint unsigned NOT NULL AUTO_INCREMENT,
  `name` varchar(255) DEFAULT NULL COMMENT 'Название раздела',
  PRIMARY KEY (`id`),
  UNIQUE KEY `id` (`id`)
) ENGINE=InnoDB AUTO_INCREMENT=3 DEFAULT CHARSET=utf8 COMMENT='Разделы интернет-магазина';
/*!40101 SET character_set_client = @saved_cs_client */;

--
-- Dumping data for table `rubrics`
--

LOCK TABLES `rubrics` WRITE;
/*!40000 ALTER TABLE `rubrics` DISABLE KEYS */;
INSERT INTO `rubrics` VALUES (1,'Видеокарты'),(2,'Память');
/*!40000 ALTER TABLE `rubrics` ENABLE KEYS */;
UNLOCK TABLES;

--
-- Table structure for table `storehouses`
--

DROP TABLE IF EXISTS `storehouses`;
/*!40101 SET @saved_cs_client     = @@character_set_client */;
/*!50503 SET character_set_client = utf8mb4 */;
CREATE TABLE `storehouses` (
  `id` bigint unsigned NOT NULL AUTO_INCREMENT,
  `name` varchar(255) DEFAULT NULL COMMENT 'Название',
  `created_at` datetime DEFAULT CURRENT_TIMESTAMP,
  `updated_at` datetime DEFAULT CURRENT_TIMESTAMP ON UPDATE CURRENT_TIMESTAMP,
  PRIMARY KEY (`id`),
  UNIQUE KEY `id` (`id`)
) ENGINE=InnoDB DEFAULT CHARSET=utf8 COMMENT='Склады';
/*!40101 SET character_set_client = @saved_cs_client */;

--
-- Dumping data for table `storehouses`
--

LOCK TABLES `storehouses` WRITE;
/*!40000 ALTER TABLE `storehouses` DISABLE KEYS */;
/*!40000 ALTER TABLE `storehouses` ENABLE KEYS */;
UNLOCK TABLES;

--
-- Table structure for table `storehouses_products`
--

DROP TABLE IF EXISTS `storehouses_products`;
/*!40101 SET @saved_cs_client     = @@character_set_client */;
/*!50503 SET character_set_client = utf8mb4 */;
CREATE TABLE `storehouses_products` (
  `id` bigint unsigned NOT NULL AUTO_INCREMENT,
  `storehouse_id` int unsigned DEFAULT NULL,
  `product_id` int unsigned DEFAULT NULL,
  `value` int unsigned DEFAULT NULL COMMENT 'Запас товарной позиции на складе',
  `created_at` datetime DEFAULT CURRENT_TIMESTAMP,
  `updated_at` datetime DEFAULT CURRENT_TIMESTAMP ON UPDATE CURRENT_TIMESTAMP,
  PRIMARY KEY (`id`),
  UNIQUE KEY `id` (`id`)
) ENGINE=InnoDB DEFAULT CHARSET=utf8 COMMENT='Запасы на складе';
/*!40101 SET character_set_client = @saved_cs_client */;

--
-- Dumping data for table `storehouses_products`
--

LOCK TABLES `storehouses_products` WRITE;
/*!40000 ALTER TABLE `storehouses_products` DISABLE KEYS */;
/*!40000 ALTER TABLE `storehouses_products` ENABLE KEYS */;
UNLOCK TABLES;

--
-- Table structure for table `users`
--

DROP TABLE IF EXISTS `users`;
/*!40101 SET @saved_cs_client     = @@character_set_client */;
/*!50503 SET character_set_client = utf8mb4 */;
CREATE TABLE `users` (
  `id` bigint unsigned NOT NULL AUTO_INCREMENT,
  `name` varchar(255) DEFAULT NULL COMMENT 'Имя покупателя',
  `birthday_at` date DEFAULT NULL COMMENT 'Дата рождения',
  `created_at` datetime DEFAULT CURRENT_TIMESTAMP,
  `updated_at` datetime DEFAULT CURRENT_TIMESTAMP ON UPDATE CURRENT_TIMESTAMP,
  PRIMARY KEY (`id`),
  UNIQUE KEY `id` (`id`)
) ENGINE=InnoDB AUTO_INCREMENT=7 DEFAULT CHARSET=utf8 COMMENT='Покупатели';
/*!40101 SET character_set_client = @saved_cs_client */;

--
-- Dumping data for table `users`
--

LOCK TABLES `users` WRITE;
/*!40000 ALTER TABLE `users` DISABLE KEYS */;
INSERT INTO `users` VALUES (1,'Геннадий','1990-10-05','2020-11-29 14:23:17','2020-11-29 14:23:17'),(2,'Наталья','1984-11-12','2020-11-29 14:23:17','2020-11-29 14:23:17'),(3,'Александр','1985-05-20','2020-11-29 14:23:17','2020-11-29 14:23:17'),(4,'Сергей','1988-02-14','2020-11-29 14:23:17','2020-11-29 14:23:17'),(5,'Иван','1998-01-12','2020-11-29 14:23:17','2020-11-29 14:23:17'),(6,'Мария','1992-08-29','2020-11-29 14:23:17','2020-11-29 14:23:17');
/*!40000 ALTER TABLE `users` ENABLE KEYS */;
UNLOCK TABLES;
/*!40103 SET TIME_ZONE=@OLD_TIME_ZONE */;

/*!40101 SET SQL_MODE=@OLD_SQL_MODE */;
/*!40014 SET FOREIGN_KEY_CHECKS=@OLD_FOREIGN_KEY_CHECKS */;
/*!40014 SET UNIQUE_CHECKS=@OLD_UNIQUE_CHECKS */;
/*!40101 SET CHARACTER_SET_CLIENT=@OLD_CHARACTER_SET_CLIENT */;
/*!40101 SET CHARACTER_SET_RESULTS=@OLD_CHARACTER_SET_RESULTS */;
/*!40101 SET COLLATION_CONNECTION=@OLD_COLLATION_CONNECTION */;
/*!40111 SET SQL_NOTES=@OLD_SQL_NOTES */;

-- Dump completed on 2020-11-29 16:24:14
