-- MySQL dump 10.13  Distrib 8.0.22, for Linux (x86_64)
--
-- Host: localhost    Database: vk
-- ------------------------------------------------------
-- Server version	8.0.22-0ubuntu0.20.04.2

/*!40101 SET @OLD_CHARACTER_SET_CLIENT=@@CHARACTER_SET_CLIENT */;
/*!40101 SET @OLD_CHARACTER_SET_RESULTS=@@CHARACTER_SET_RESULTS */;
/*!40101 SET @OLD_COLLATION_CONNECTION=@@COLLATION_CONNECTION */;
/*!50503 SET NAMES utf8mb4 */;
/*!40103 SET @OLD_TIME_ZONE=@@TIME_ZONE */;
/*!40103 SET TIME_ZONE='+00:00' */;
/*!40014 SET @OLD_UNIQUE_CHECKS=@@UNIQUE_CHECKS, UNIQUE_CHECKS=0 */;
/*!40014 SET @OLD_FOREIGN_KEY_CHECKS=@@FOREIGN_KEY_CHECKS, FOREIGN_KEY_CHECKS=0 */;
/*!40101 SET @OLD_SQL_MODE=@@SQL_MODE, SQL_MODE='NO_AUTO_VALUE_ON_ZERO' */;
/*!40111 SET @OLD_SQL_NOTES=@@SQL_NOTES, SQL_NOTES=0 */;

--
-- Table structure for table `communities`
--

DROP TABLE IF EXISTS `communities`;
/*!40101 SET @saved_cs_client     = @@character_set_client */;
/*!50503 SET character_set_client = utf8mb4 */;
CREATE TABLE `communities` (
  `id` int unsigned NOT NULL AUTO_INCREMENT COMMENT 'Идентификатор сроки',
  `name` varchar(150) CHARACTER SET utf8 COLLATE utf8_unicode_ci NOT NULL COMMENT 'Название группы',
  `created_at` datetime DEFAULT CURRENT_TIMESTAMP COMMENT 'Время создания строки',
  `updated_at` datetime DEFAULT CURRENT_TIMESTAMP ON UPDATE CURRENT_TIMESTAMP COMMENT 'Время обновления строки',
  PRIMARY KEY (`id`),
  UNIQUE KEY `name` (`name`)
) ENGINE=InnoDB AUTO_INCREMENT=101 DEFAULT CHARSET=utf8 COLLATE=utf8_unicode_ci COMMENT='Группы';
/*!40101 SET character_set_client = @saved_cs_client */;

--
-- Dumping data for table `communities`
--

LOCK TABLES `communities` WRITE;
/*!40000 ALTER TABLE `communities` DISABLE KEYS */;
INSERT INTO `communities` VALUES (1,'Et culpa perferendis et aut sit. Qui nulla est rem et velit corrupti.','2016-02-03 04:31:05','2015-01-23 17:38:16'),(2,'Qui cumque quod autem delectus sit. Quo id quia omnis debitis ipsam ut. Quam totam qui dolores ut.','2019-02-27 23:53:49','2019-08-08 01:22:05'),(3,'Minima voluptas reprehenderit ad nihil tenetur laborum. Ut sit amet architecto.','2018-02-21 17:31:59','2019-12-15 10:12:51'),(4,'Labore laudantium beatae porro occaecati. Mollitia rerum asperiores et omnis.','2018-08-18 17:30:50','2016-11-15 01:33:18'),(5,'Ab nihil optio ut sed harum deserunt repudiandae. Debitis omnis esse non eos sunt.','2018-02-09 04:06:00','2018-10-07 20:09:44'),(6,'Corrupti quia at omnis quia. Quae nemo ab ut est eaque. Inventore qui et nulla.','2019-03-16 18:47:28','2012-08-25 18:29:10'),(7,'Sapiente alias distinctio assumenda nostrum deserunt. Officiis id dolor ex quasi possimus dolor.','2019-03-12 01:43:01','2014-08-13 17:18:19'),(8,'Id ut accusamus unde voluptatibus. Architecto ut totam necessitatibus laudantium aut.','2015-01-26 05:46:13','2012-03-24 18:32:47'),(9,'Occaecati eaque dolores nostrum dignissimos. Quae facilis sit est asperiores et in.','2019-06-19 14:16:45','2015-12-13 13:28:41'),(10,'Et mollitia laboriosam sunt dolor earum. Molestias autem nemo numquam.','2017-02-20 11:38:16','2019-07-20 04:56:06'),(11,'A sint officia inventore omnis sunt voluptates. Magnam iste ipsum quos. Et neque dolor vitae aut.','2020-10-19 23:40:44','2017-07-18 10:49:43'),(12,'Fuga aperiam non velit. Aut eaque praesentium magnam voluptates aut corporis ullam.','2013-06-12 14:22:38','2011-06-02 19:11:48'),(13,'Ut velit cumque ut. Ipsam iste maxime fugiat quia. Quaerat veniam odit et quas ipsam possimus.','2015-01-20 19:41:26','2020-01-09 01:28:03'),(14,'Eos dolor et ipsa quos deleniti reprehenderit. Et sit fugit vero dolor ea.','2012-06-03 21:46:32','2015-08-21 06:11:09'),(15,'In nostrum excepturi voluptate molestiae. Quia tenetur culpa sit exercitationem et repellat vitae.','2018-09-09 22:43:59','2018-07-15 02:40:04'),(16,'Rem eligendi repellendus quaerat. Quia reiciendis cupiditate nihil est voluptatem.','2018-01-11 23:54:58','2016-12-29 16:22:32'),(17,'Quos enim temporibus aliquid fuga. Error hic similique illum nostrum. Mollitia ut quia sint vel.','2017-10-16 00:38:38','2011-05-27 04:23:56'),(18,'Repellendus optio ut eveniet quia. Iure optio dolore non quo perferendis doloribus pariatur.','2017-06-15 05:59:14','2016-12-04 08:57:24'),(19,'Asperiores et unde iste sit commodi dignissimos. Et distinctio tenetur quo ut eos quasi fuga.','2014-10-17 14:48:58','2015-11-18 16:12:34'),(20,'Minima et quo voluptate et error impedit. Eum minima itaque omnis reiciendis est eius.','2015-01-13 18:45:14','2013-09-21 11:27:52'),(21,'Mollitia magni nobis veniam enim esse. Molestiae blanditiis ut non distinctio.','2018-05-13 07:20:20','2012-08-17 11:07:19'),(22,'Labore soluta illum consequatur quaerat non nisi sint. Modi odit inventore veniam dignissimos ex.','2011-12-14 22:05:50','2011-07-28 13:27:20'),(23,'Corrupti et fugit sit sunt. Est consequuntur culpa vel neque.','2015-12-02 09:49:29','2017-07-05 15:30:39'),(24,'Id quisquam dolore autem aliquam vero magni voluptas. Maxime velit aut qui velit assumenda.','2017-09-13 10:25:01','2013-09-07 08:41:08'),(25,'Saepe et totam illo nihil dolorum error. Quas tenetur ipsa temporibus reprehenderit dolores est.','2014-03-02 21:02:47','2020-08-18 08:18:29'),(26,'Voluptates pariatur ea consequuntur aut id quia. Unde eaque modi aut enim et aut fugiat.','2012-10-19 05:46:53','2020-01-13 02:23:58'),(27,'In ipsum ad repellat nostrum. Illum nemo mollitia ea iste non voluptate. Cum error vitae aut.','2011-11-03 20:37:23','2012-05-08 06:19:05'),(28,'Quod sint nihil quis quis reiciendis. Asperiores odio deleniti enim deleniti laborum fugiat veniam.','2012-01-08 09:33:45','2014-06-17 18:31:00'),(29,'Blanditiis quia consequatur hic eos qui dolores. Voluptatem quod dolore tempora sit fuga.','2012-07-20 03:22:55','2018-12-07 14:12:16'),(30,'Vitae in magnam dolorem quod sed quas. Consectetur accusantium nulla repellat voluptatem.','2017-06-12 07:31:08','2011-08-24 14:12:57'),(31,'Error animi ad facere eaque possimus maiores. Voluptate velit nisi cum aspernatur praesentium a ea.','2016-04-29 00:55:45','2019-01-13 02:08:14'),(32,'Hic modi a quae. Molestias exercitationem ex rerum ad dolore. Et odit quas aperiam accusamus error.','2016-02-17 14:04:31','2019-06-04 06:41:18'),(33,'Quaerat optio quia maxime et. Enim at vel quas odio. Velit accusamus voluptas vel quaerat.','2020-03-22 16:15:03','2014-03-29 19:16:11'),(34,'Ut ut aut est. Aut porro dignissimos aperiam incidunt. Nihil repellendus esse aspernatur id eum.','2013-09-04 01:07:16','2013-06-02 09:08:54'),(35,'Quis eum distinctio nihil voluptatibus sit quia. Nostrum voluptas recusandae impedit sunt.','2015-04-07 16:25:05','2013-05-19 20:32:50'),(36,'Aut cumque et accusantium. Provident animi repellat voluptates error. Aut alias enim sed et.','2018-08-18 02:55:01','2018-09-11 01:30:14'),(37,'Ea voluptates dolorem rerum molestiae quia itaque et. Possimus qui aut et qui rerum rerum ut.','2020-04-30 10:00:27','2020-01-18 05:22:02'),(38,'Harum debitis quos sequi sit amet. Et rerum dolor voluptas est. Odio sed voluptatem quam non.','2017-10-17 21:36:55','2014-03-08 21:42:54'),(39,'Eius cumque aut fugit eos qui quam iste. Id omnis maxime est et ut dolorum. Quo animi quo dolor.','2011-06-01 01:38:17','2011-09-14 19:04:49'),(40,'In animi beatae omnis eum. Enim sunt aliquid possimus. Odio quo totam qui veniam nemo commodi at.','2020-08-28 19:49:17','2018-12-02 22:08:47'),(41,'Qui magni velit labore qui. Quis ea sed autem excepturi. Quia ducimus saepe amet laudantium fugit.','2013-12-14 01:39:54','2012-12-26 01:11:46'),(42,'Dolorem soluta et architecto. Velit accusantium aperiam rem consectetur sunt enim velit voluptatem.','2017-09-13 13:56:05','2017-10-10 11:31:53'),(43,'Fuga ipsa voluptatum illo magnam. Vel nihil beatae consequatur.','2018-11-05 16:44:30','2018-08-08 23:00:17'),(44,'Sed tempora unde dignissimos aliquid. Beatae odit id et eos.','2012-01-22 12:02:26','2013-06-03 02:48:33'),(45,'Ut rem vitae ut et. Commodi ex incidunt eum aut labore quam consequatur.','2012-01-03 16:12:18','2012-10-15 01:24:44'),(46,'Nostrum rerum enim voluptate quia autem soluta rerum laborum. Id voluptatem illum occaecati iste.','2013-05-01 01:20:38','2020-03-06 16:45:09'),(47,'Aliquam hic quibusdam vitae qui. Itaque animi voluptate asperiores nihil.','2011-10-24 02:43:14','2014-04-08 15:58:29'),(48,'A est provident quod ad consequatur possimus. In fugiat et qui est.','2014-05-02 02:37:16','2019-10-13 09:47:11'),(49,'Commodi provident molestiae omnis asperiores officia. Nesciunt rem et neque rerum eos eum nihil.','2011-05-07 05:43:58','2012-09-19 06:52:07'),(50,'Quibusdam tempora aut officia necessitatibus consectetur. Quod velit rerum quod quas enim.','2012-08-29 08:22:31','2014-06-23 17:47:49'),(51,'Voluptatum pariatur ea enim rerum. Similique voluptatem veniam fugit non.','2019-04-08 03:56:51','2012-04-19 19:00:47'),(52,'Sapiente quo quos et repudiandae sit quaerat molestiae. Atque tempore enim consectetur.','2017-02-11 02:03:01','2010-12-07 08:51:49'),(53,'Tempore est amet culpa sed iure ut. Ducimus molestias rerum aliquid quasi.','2014-08-06 15:26:00','2018-05-04 16:23:36'),(54,'Non dignissimos quia doloribus eos eos. Harum reprehenderit est fugiat veniam dolorem.','2015-08-21 20:46:11','2011-08-23 11:33:55'),(55,'Velit quo et ratione sed natus nulla nihil. Ut quia fugiat aperiam.','2020-02-10 07:00:15','2017-11-12 12:41:55'),(56,'Voluptatum deserunt minima nihil. Enim nesciunt eos officia corporis. Sed cum maxime rerum.','2019-06-13 13:48:55','2015-01-24 11:55:53'),(57,'Sit sunt et dolorem fuga. Aut pariatur est sit. Perferendis qui qui cum.','2016-08-22 07:32:06','2011-10-08 23:08:19'),(58,'Ut cumque et expedita quasi ab. Eos voluptas ipsam et. Atque eos et enim velit maiores et.','2016-06-04 00:50:35','2017-06-21 00:25:02'),(59,'Nobis doloribus vero doloremque voluptatem rerum eos. Numquam fugit neque molestias.','2014-12-16 12:33:05','2017-09-13 18:05:12'),(60,'Pariatur quo cumque ad illo officia molestiae sed. Nihil quas eveniet et fugiat.','2011-06-25 03:22:44','2016-01-08 12:38:40'),(61,'Soluta fugit perferendis aut. Culpa temporibus ab quis vel.','2017-03-07 23:50:27','2012-07-14 21:57:38'),(62,'Qui quidem id unde ab. Autem saepe ut vitae est. Tempore aut similique iste.','2013-07-17 20:39:39','2020-11-11 16:07:40'),(63,'Delectus eos dignissimos officiis. Possimus rem molestiae quibusdam.','2018-11-04 07:21:49','2018-12-08 16:46:24'),(64,'Minima quia et illum. Fugit doloribus eos perspiciatis esse tempore est.','2017-03-19 16:12:07','2015-03-05 09:41:12'),(65,'Et magni praesentium est rerum. Omnis consequuntur cum qui ut aut.','2019-07-07 05:53:58','2019-11-24 21:36:14'),(66,'Voluptatem aliquam aliquid qui non eos. Laborum quod tempore ullam. Repellendus ut est fuga quis.','2014-12-07 06:23:42','2012-07-02 06:22:15'),(67,'Repellat temporibus quis corrupti sapiente. Repellat et consequatur qui nisi.','2013-07-16 06:33:23','2012-03-29 14:48:25'),(68,'Sunt cupiditate fuga hic quidem harum repellat sit. Ea ut nobis sunt assumenda est id.','2014-11-16 18:28:38','2013-12-28 23:09:16'),(69,'Dignissimos similique aut quas ullam. Sed rem sunt vitae iste et. Nihil non aut id non voluptatem.','2011-09-27 21:13:53','2015-08-28 16:23:02'),(70,'Dicta maiores et ipsum. Ipsa quaerat et dicta. Neque est perspiciatis est saepe.','2014-02-13 20:01:23','2011-12-17 00:22:39'),(71,'Aperiam rerum autem magni fugit quia itaque. Sit non id dolorem consequuntur aliquam aliquid porro.','2019-08-01 05:58:48','2012-12-02 02:48:51'),(72,'Voluptatem delectus maiores dolorem tempore. Inventore ut amet quia ducimus sit delectus ut.','2011-09-12 21:37:09','2018-11-10 11:25:34'),(73,'Dolorem laboriosam sed suscipit dignissimos. Minima tempora sint porro sit quas aut.','2011-12-17 13:00:07','2015-12-05 10:10:59'),(74,'Debitis aut ipsum quis. Recusandae et a veritatis fuga ex.','2012-08-23 00:34:42','2017-05-15 09:31:38'),(75,'Est iure voluptatibus quis libero accusamus voluptatem ab. Consectetur et ut aut facere.','2013-04-02 07:16:05','2013-05-06 05:29:24'),(76,'Quia non voluptate facilis nihil. Perspiciatis sapiente magnam et ab.','2020-05-27 17:46:48','2013-02-16 22:16:15'),(77,'Hic molestias occaecati pariatur quia. Cupiditate non voluptas recusandae ut eligendi quas aut.','2013-08-21 18:42:19','2013-06-08 04:37:49'),(78,'Sunt est aut mollitia perspiciatis. Voluptatibus dolorem eveniet delectus atque nostrum id quia.','2019-01-17 08:19:00','2017-01-18 09:59:28'),(79,'Ipsum vero odio ut et. Molestias tempora qui repellendus consequuntur. Cum alias non quibusdam.','2015-03-25 20:34:26','2013-12-21 16:52:21'),(80,'At enim quae numquam. Molestiae voluptatem non porro omnis. Amet et quia in sit et ut.','2020-10-21 14:00:22','2020-02-01 19:46:51'),(81,'Sunt optio aliquid corporis. Atque et vel excepturi quis facilis.','2017-05-31 19:13:27','2011-08-14 00:19:24'),(82,'Et ipsa qui et qui. Blanditiis eius consequatur earum porro.','2014-01-16 01:18:07','2011-08-23 07:45:09'),(83,'Doloribus veritatis praesentium distinctio sapiente. Non dolorem debitis quos eum aliquam nemo.','2017-05-11 21:26:19','2014-04-27 19:30:07'),(84,'Esse quia eveniet repellendus ad cupiditate. Voluptatibus laborum pariatur veniam provident.','2013-12-07 18:11:21','2019-09-08 03:33:09'),(85,'Eligendi laboriosam assumenda nisi id itaque. Aut doloremque non rerum molestiae similique qui.','2014-07-25 11:02:00','2011-07-13 06:43:01'),(86,'Iusto dolorum debitis dignissimos. Architecto consectetur illum sint ullam enim dolores esse.','2012-07-22 10:55:16','2017-06-07 06:00:15'),(87,'Qui voluptas voluptate ut est voluptatum. Sequi nostrum in aliquid et qui cum iure.','2016-07-14 01:39:18','2012-01-20 06:20:23'),(88,'Tenetur harum facere et et dolorem repellendus. Aliquid quis qui rerum rem deleniti.','2011-11-02 00:06:57','2019-01-15 13:12:49'),(89,'Enim alias illum asperiores id ut. Maiores ipsam quis facilis. Vitae veritatis nisi ut quo velit.','2016-06-07 17:34:57','2017-01-28 17:12:33'),(90,'Adipisci perspiciatis magni quis error. Voluptates sit temporibus modi a. Laborum et dolore qui.','2011-09-23 14:13:02','2013-03-13 06:39:33'),(91,'Velit quia facere nemo occaecati voluptas doloribus. Nesciunt provident et dolor.','2020-04-17 11:23:11','2011-03-18 06:09:20'),(92,'Aspernatur facilis possimus quia. Dignissimos soluta labore incidunt.','2017-07-10 23:20:50','2018-10-13 12:10:10'),(93,'Repellendus corrupti voluptates fuga voluptas a aut dolor. Ut facere qui cum aperiam corrupti.','2016-11-05 21:28:35','2015-07-31 21:13:52'),(94,'Fugiat ullam voluptatem dolor. Adipisci rem quia ea numquam optio aut. Quod qui vel a aut earum.','2011-01-20 12:40:30','2015-04-04 04:31:03'),(95,'Rem quibusdam porro dolor. Ut et autem totam. Non praesentium qui dolorum culpa sit blanditiis.','2014-02-26 01:19:27','2016-09-17 23:02:01'),(96,'Sunt qui eos quam officiis. Et consectetur ut debitis nihil. Voluptates maiores similique quia.','2015-04-23 04:58:03','2015-03-24 12:24:45'),(97,'Maxime consectetur omnis laborum minima. Molestias totam nemo aut laborum laudantium.','2017-08-03 09:19:54','2019-02-13 15:33:03'),(98,'Unde repellat tempore vero a distinctio. Eum asperiores soluta voluptatum. Atque quis vel amet.','2020-09-23 12:34:06','2012-05-01 19:48:33'),(99,'Adipisci accusantium dolor dolor rem voluptatem. Blanditiis natus nesciunt aperiam quae.','2019-06-28 08:39:43','2020-05-29 08:55:31'),(100,'Quasi aliquam aspernatur nobis. Ut ratione eligendi eius omnis. Quis dolores similique sed ab.','2017-12-28 21:58:32','2019-01-15 21:03:29');
/*!40000 ALTER TABLE `communities` ENABLE KEYS */;
UNLOCK TABLES;

--
-- Table structure for table `communities_users`
--

DROP TABLE IF EXISTS `communities_users`;
/*!40101 SET @saved_cs_client     = @@character_set_client */;
/*!50503 SET character_set_client = utf8mb4 */;
CREATE TABLE `communities_users` (
  `community_id` int unsigned NOT NULL COMMENT 'Ссылка на группу',
  `user_id` int unsigned NOT NULL COMMENT 'Ссылка на пользователя',
  `created_at` datetime DEFAULT CURRENT_TIMESTAMP COMMENT 'Время создания строки',
  PRIMARY KEY (`community_id`,`user_id`) COMMENT 'Составной первичный ключ'
) ENGINE=InnoDB DEFAULT CHARSET=utf8 COLLATE=utf8_unicode_ci COMMENT='Участники групп, связь между пользователями и группами';
/*!40101 SET character_set_client = @saved_cs_client */;

--
-- Dumping data for table `communities_users`
--

LOCK TABLES `communities_users` WRITE;
/*!40000 ALTER TABLE `communities_users` DISABLE KEYS */;
INSERT INTO `communities_users` VALUES (1,8,'2015-07-12 13:01:42'),(2,43,'2016-02-03 06:17:08'),(4,82,'2012-08-07 02:21:02'),(6,27,'2015-08-03 22:39:07'),(6,56,'2011-09-02 11:17:51'),(8,12,'2019-10-28 15:45:17'),(8,48,'2019-08-22 23:21:04'),(8,64,'2017-10-02 19:01:37'),(9,63,'2016-09-04 20:06:13'),(10,71,'2019-02-11 09:59:24'),(11,23,'2012-08-29 16:05:07'),(11,100,'2011-06-22 15:24:08'),(12,88,'2016-12-10 11:34:11'),(13,67,'2013-05-02 02:15:26'),(13,99,'2016-04-15 06:49:05'),(15,49,'2019-01-19 10:38:23'),(15,64,'2020-02-11 06:19:43'),(16,55,'2019-03-31 22:45:06'),(17,78,'2019-08-25 04:17:40'),(17,81,'2016-07-14 18:17:01'),(17,93,'2016-01-21 03:30:01'),(18,71,'2013-06-19 14:52:05'),(19,79,'2015-07-27 13:05:03'),(21,81,'2012-01-02 01:27:57'),(23,22,'2017-05-02 09:17:49'),(23,28,'2017-07-27 17:15:00'),(23,38,'2018-01-12 02:49:08'),(24,5,'2017-05-29 03:19:56'),(31,83,'2019-04-27 21:24:41'),(32,45,'2013-10-08 14:02:04'),(34,78,'2013-02-23 06:05:54'),(36,27,'2011-11-12 14:49:15'),(36,98,'2018-07-22 13:40:30'),(37,35,'2015-07-04 15:49:15'),(37,67,'2015-06-02 20:06:11'),(40,3,'2011-10-18 14:17:24'),(40,18,'2020-09-06 06:58:00'),(40,70,'2011-03-20 02:05:01'),(41,11,'2019-12-18 05:04:34'),(41,98,'2020-02-07 03:16:46'),(42,16,'2012-12-27 12:40:55'),(42,98,'2013-01-18 20:56:28'),(43,61,'2018-12-07 17:17:50'),(43,92,'2020-07-05 02:55:43'),(44,48,'2016-05-24 04:00:53'),(44,69,'2016-10-19 11:51:19'),(45,25,'2015-11-01 15:02:42'),(45,50,'2017-07-02 22:28:13'),(46,4,'2016-03-21 16:25:11'),(47,4,'2017-02-19 21:14:35'),(48,24,'2015-10-09 23:25:20'),(48,67,'2018-06-13 07:26:17'),(52,17,'2017-08-28 09:05:32'),(54,92,'2016-06-15 04:09:41'),(55,44,'2015-03-10 01:35:11'),(56,54,'2020-03-08 04:07:05'),(56,55,'2016-09-18 02:01:58'),(59,9,'2015-10-03 01:13:10'),(59,50,'2013-08-27 08:32:30'),(60,17,'2015-06-12 05:53:06'),(60,29,'2020-05-13 03:53:25'),(61,25,'2013-10-14 18:17:09'),(62,87,'2012-08-31 06:37:54'),(63,90,'2017-04-05 14:46:06'),(67,26,'2016-10-14 10:37:57'),(68,21,'2011-09-08 06:55:27'),(69,36,'2018-03-25 00:51:24'),(70,32,'2015-01-28 17:34:04'),(72,64,'2018-03-16 10:52:52'),(73,76,'2016-09-12 14:43:50'),(74,38,'2015-02-03 10:27:14'),(75,21,'2012-05-30 14:12:00'),(75,38,'2018-03-07 13:44:12'),(78,46,'2011-08-04 15:56:31'),(78,69,'2014-10-12 06:21:11'),(81,28,'2012-09-23 11:29:08'),(81,29,'2013-08-29 03:53:07'),(81,91,'2012-01-04 17:21:47'),(81,96,'2012-01-07 03:44:39'),(82,9,'2013-11-01 22:38:51'),(82,34,'2016-04-23 08:29:04'),(82,92,'2012-10-17 08:28:05'),(83,86,'2017-11-06 16:00:49'),(85,56,'2016-08-20 09:14:39'),(85,91,'2019-05-05 16:47:23'),(87,52,'2016-02-22 19:19:37'),(87,100,'2018-01-22 06:48:56'),(88,54,'2019-08-04 17:59:09'),(89,46,'2013-01-06 03:43:04'),(92,17,'2014-02-10 01:32:00'),(93,82,'2015-03-14 10:17:25'),(95,5,'2012-03-13 04:00:47'),(95,15,'2017-01-19 00:15:02'),(95,52,'2017-08-15 08:04:29'),(95,69,'2015-12-11 08:02:26'),(97,88,'2019-01-20 06:33:27'),(98,11,'2016-02-01 08:20:27'),(98,32,'2010-12-10 11:17:11'),(99,80,'2017-03-21 17:55:13'),(99,95,'2013-02-01 20:57:12');
/*!40000 ALTER TABLE `communities_users` ENABLE KEYS */;
UNLOCK TABLES;

--
-- Table structure for table `friendship`
--

DROP TABLE IF EXISTS `friendship`;
/*!40101 SET @saved_cs_client     = @@character_set_client */;
/*!50503 SET character_set_client = utf8mb4 */;
CREATE TABLE `friendship` (
  `user_id` int unsigned NOT NULL COMMENT 'Ссылка на инициатора дружеских отношений',
  `friend_id` int unsigned NOT NULL COMMENT 'Ссылка на получателя приглашения дружить',
  `status_id` int unsigned NOT NULL COMMENT 'Ссылка на статус (текущее состояние) отношений',
  `requested_at` datetime DEFAULT CURRENT_TIMESTAMP COMMENT 'Время отправления приглашения дружить',
  `confirmed_at` datetime DEFAULT NULL COMMENT 'Время подтверждения приглашения',
  `created_at` datetime DEFAULT CURRENT_TIMESTAMP COMMENT 'Время создания строки',
  `updated_at` datetime DEFAULT CURRENT_TIMESTAMP ON UPDATE CURRENT_TIMESTAMP COMMENT 'Время обновления строки',
  PRIMARY KEY (`user_id`,`friend_id`) COMMENT 'Составной первичный ключ'
) ENGINE=InnoDB DEFAULT CHARSET=utf8 COLLATE=utf8_unicode_ci COMMENT='Таблица дружбы';
/*!40101 SET character_set_client = @saved_cs_client */;

--
-- Dumping data for table `friendship`
--

LOCK TABLES `friendship` WRITE;
/*!40000 ALTER TABLE `friendship` DISABLE KEYS */;
INSERT INTO `friendship` VALUES (1,22,2,'2015-12-01 03:17:41','2016-06-16 17:43:17','2013-06-04 00:22:10','2013-11-26 04:33:51'),(5,3,10,'2015-08-05 03:09:56','2019-08-28 03:58:23','2011-12-26 21:33:23','2012-11-22 01:38:41'),(6,30,1,'2011-08-15 20:39:39','2017-06-25 18:11:09','2010-11-21 15:10:34','2018-10-14 04:34:39'),(8,10,7,'2015-05-17 11:38:20','2014-11-21 23:02:04','2014-11-26 01:42:41','2018-10-29 08:09:30'),(11,28,4,'2017-06-18 05:51:46','2015-09-13 01:51:57','2017-09-24 06:20:00','2011-08-13 01:11:16'),(11,98,1,'2017-01-08 06:33:05','2014-07-25 17:03:13','2020-07-12 22:04:43','2014-03-17 23:12:06'),(12,1,6,'2015-06-25 15:03:00','2015-11-28 16:42:58','2011-09-03 05:59:32','2017-05-24 05:35:43'),(12,58,4,'2011-06-01 18:58:53','2011-01-05 16:20:12','2012-02-29 11:58:39','2012-05-24 15:48:25'),(12,63,10,'2016-08-29 01:03:35','2011-12-14 06:15:20','2014-08-05 22:14:32','2017-03-04 02:16:52'),(12,69,10,'2014-08-25 03:23:09','2015-05-06 20:12:06','2011-04-22 03:03:28','2020-01-16 06:34:31'),(13,20,9,'2015-05-03 10:14:17','2012-01-08 08:40:53','2016-08-23 02:35:50','2018-04-05 18:34:29'),(13,82,2,'2014-09-05 09:32:52','2011-08-29 12:47:08','2013-05-20 22:57:56','2015-12-28 18:48:53'),(14,24,9,'2013-11-03 16:15:40','2017-05-15 05:46:57','2014-08-13 21:13:00','2011-12-06 20:03:30'),(15,66,2,'2012-01-17 03:15:35','2011-01-18 01:04:12','2011-02-21 11:41:12','2015-10-01 21:25:53'),(16,34,8,'2011-01-28 03:01:57','2019-01-13 15:17:04','2012-03-06 18:45:14','2013-07-10 11:06:03'),(16,64,8,'2014-03-13 14:14:20','2018-08-13 08:55:40','2016-07-14 13:42:56','2012-07-09 06:26:01'),(19,3,6,'2015-12-31 07:33:47','2011-05-09 08:18:07','2019-08-20 15:37:30','2011-04-22 07:07:04'),(20,80,10,'2014-12-19 20:42:37','2013-05-21 23:17:55','2011-05-10 12:02:31','2013-09-21 11:52:24'),(21,55,5,'2019-05-26 20:31:10','2013-03-03 00:35:54','2012-08-18 23:15:21','2013-03-25 00:52:52'),(21,69,5,'2011-07-30 10:38:07','2018-05-01 04:59:28','2017-02-21 08:26:33','2012-03-08 04:14:53'),(22,54,2,'2012-03-07 06:29:52','2020-04-21 08:30:07','2012-04-18 01:24:24','2018-07-09 17:30:45'),(26,37,7,'2019-10-04 18:01:04','2016-01-13 17:39:55','2015-12-06 06:54:56','2013-09-15 02:43:29'),(28,59,5,'2014-04-29 16:53:22','2017-03-21 21:35:41','2019-12-12 08:29:42','2016-12-31 14:13:37'),(28,69,10,'2018-08-06 18:52:30','2013-10-07 05:26:00','2013-12-20 02:40:29','2014-05-14 08:19:10'),(30,27,5,'2011-04-12 00:31:38','2014-04-21 06:34:33','2011-02-03 04:17:06','2016-03-20 18:07:55'),(32,5,6,'2020-10-01 17:05:54','2016-05-27 19:06:24','2016-07-09 22:31:48','2019-11-22 16:29:15'),(33,62,2,'2011-09-12 14:10:55','2013-01-20 22:46:28','2011-04-03 12:12:26','2019-05-08 05:35:30'),(33,80,3,'2010-11-19 15:09:42','2014-07-24 22:18:26','2012-07-14 11:40:44','2010-11-16 15:58:49'),(35,35,2,'2019-09-16 09:57:56','2013-09-23 08:06:50','2019-06-02 21:35:36','2011-03-30 13:16:15'),(35,88,1,'2015-09-26 05:22:02','2017-05-23 05:07:56','2020-09-08 02:19:55','2010-12-18 01:54:24'),(37,7,1,'2020-01-20 21:47:21','2019-05-10 06:54:56','2013-01-04 06:38:43','2016-02-21 10:08:08'),(38,57,4,'2015-03-30 09:22:31','2011-04-16 07:37:09','2013-12-17 14:45:22','2016-05-01 02:27:02'),(39,45,10,'2010-11-19 15:07:58','2014-03-28 21:13:50','2018-03-13 15:07:46','2017-05-23 03:17:29'),(41,75,7,'2020-03-28 08:19:07','2016-05-09 02:37:28','2019-11-03 06:33:28','2018-01-24 00:04:52'),(42,96,1,'2020-07-31 00:58:37','2018-04-21 21:34:11','2014-01-14 22:54:38','2017-05-03 15:42:00'),(43,4,2,'2014-01-23 04:40:44','2015-05-23 18:48:19','2015-08-06 03:00:21','2019-07-12 12:15:48'),(43,30,2,'2014-01-25 03:01:34','2013-06-20 11:04:21','2019-05-14 05:54:57','2012-06-11 05:10:14'),(43,91,6,'2020-06-23 04:25:25','2017-04-25 07:03:10','2017-11-06 07:10:36','2015-11-02 12:04:52'),(44,3,2,'2020-02-03 16:15:56','2016-01-19 04:35:17','2015-05-12 10:02:20','2015-04-05 20:06:37'),(44,71,6,'2015-01-06 03:13:22','2013-12-25 04:23:16','2020-01-02 11:19:59','2015-02-09 07:17:50'),(44,80,8,'2017-05-25 11:00:06','2013-08-12 18:22:02','2012-07-08 14:21:59','2014-04-28 05:24:23'),(45,85,9,'2012-12-11 10:11:05','2015-06-20 19:27:03','2013-07-30 17:41:32','2016-09-07 06:47:30'),(46,98,10,'2017-06-06 15:12:21','2018-05-26 08:55:39','2020-01-23 20:22:08','2013-04-03 00:06:47'),(48,33,2,'2019-08-26 13:02:58','2013-04-21 10:04:53','2019-09-05 03:03:44','2017-12-22 14:09:29'),(48,99,9,'2015-04-20 04:08:27','2016-06-30 12:05:53','2013-11-28 07:14:01','2014-02-02 17:06:03'),(50,47,4,'2018-08-05 01:32:27','2017-04-19 13:44:46','2019-04-24 05:01:42','2017-05-26 09:52:57'),(54,59,4,'2017-08-02 10:37:17','2020-01-05 22:53:15','2015-08-29 03:33:18','2016-03-06 02:21:08'),(56,36,9,'2016-05-06 18:34:43','2018-03-29 11:38:23','2013-11-30 21:23:59','2016-05-16 19:17:13'),(56,58,9,'2013-03-09 23:45:57','2018-06-16 03:13:44','2015-02-11 01:08:28','2020-07-04 03:21:08'),(56,92,7,'2020-06-04 03:19:18','2011-01-02 18:51:56','2013-10-19 01:21:29','2012-08-26 20:09:24'),(57,75,4,'2020-09-26 06:14:17','2019-07-01 22:33:22','2015-12-18 04:07:32','2011-04-12 04:28:47'),(57,92,6,'2011-11-23 03:17:50','2017-06-19 12:27:52','2015-08-30 22:31:46','2015-11-29 07:36:50'),(63,24,7,'2016-10-19 02:29:32','2011-01-17 04:41:34','2017-09-22 20:13:43','2013-09-09 02:06:25'),(64,19,6,'2020-08-31 20:08:04','2017-02-14 15:25:49','2010-11-29 18:41:21','2016-12-06 00:39:22'),(64,58,6,'2011-03-14 03:22:22','2020-09-20 14:15:19','2015-01-06 13:02:26','2018-06-11 20:32:55'),(65,88,2,'2018-03-25 22:44:52','2015-03-21 02:21:17','2020-02-19 10:02:41','2011-11-06 13:33:28'),(66,56,6,'2013-10-01 22:13:08','2016-09-05 13:05:54','2012-01-11 22:56:27','2019-06-04 01:16:07'),(67,69,10,'2018-09-30 00:41:31','2012-04-17 15:56:58','2015-10-30 14:20:08','2011-12-08 20:14:00'),(68,94,5,'2011-01-22 23:39:50','2015-06-16 14:27:19','2015-02-14 12:31:07','2011-07-06 22:11:52'),(68,97,10,'2014-11-21 17:44:05','2019-01-14 08:36:18','2015-02-15 01:18:49','2020-01-05 09:39:23'),(68,98,3,'2018-05-17 17:43:10','2014-02-12 11:39:27','2013-05-21 20:02:58','2013-06-21 06:18:19'),(69,33,2,'2015-11-05 13:27:34','2017-08-30 14:00:42','2015-06-13 01:44:19','2015-12-09 16:00:27'),(69,55,8,'2014-12-24 02:48:11','2011-06-27 00:05:01','2020-03-28 07:37:12','2015-12-24 09:27:05'),(69,86,7,'2017-06-25 13:28:21','2019-10-26 22:25:33','2016-05-23 18:24:07','2014-08-05 00:46:57'),(70,59,10,'2014-08-02 01:47:31','2011-12-20 23:00:12','2020-05-02 19:37:24','2010-11-14 07:38:12'),(70,85,9,'2011-11-08 12:07:19','2012-06-28 18:50:53','2013-10-05 09:13:29','2016-06-29 02:50:22'),(71,12,1,'2019-02-09 04:57:53','2019-10-12 13:06:13','2012-09-06 06:44:27','2016-11-02 20:51:09'),(71,67,6,'2019-08-16 01:58:19','2012-11-07 21:21:48','2011-09-02 07:40:38','2020-07-31 09:03:50'),(72,62,6,'2016-01-16 15:52:37','2016-09-05 04:31:01','2012-08-26 23:23:29','2018-08-23 08:08:51'),(73,20,6,'2013-05-12 23:39:55','2013-02-28 17:33:04','2018-10-05 02:58:27','2020-05-07 18:41:04'),(73,42,5,'2017-12-20 03:46:43','2011-08-01 01:31:42','2019-06-22 00:05:02','2017-06-20 23:24:00'),(73,58,1,'2012-09-28 01:36:30','2015-07-18 11:50:55','2017-09-28 22:00:40','2018-06-27 08:48:16'),(77,91,4,'2019-10-14 00:42:47','2019-12-10 10:10:16','2010-12-03 09:55:22','2012-08-04 04:08:31'),(78,72,3,'2017-11-26 23:51:00','2018-01-03 01:06:05','2012-02-04 11:03:49','2018-12-12 09:32:59'),(79,52,4,'2012-10-14 15:34:40','2018-02-08 14:55:23','2017-08-14 09:52:29','2016-12-12 19:56:48'),(82,14,1,'2019-10-13 04:45:48','2020-08-23 21:39:05','2020-08-29 17:05:16','2017-06-24 06:09:01'),(82,28,5,'2015-05-23 11:36:42','2013-12-06 07:32:28','2019-03-28 17:36:30','2017-12-21 13:13:32'),(83,79,2,'2015-10-30 18:31:37','2011-11-16 12:15:18','2016-01-17 11:36:55','2020-03-16 08:13:49'),(86,41,4,'2020-05-14 22:32:34','2015-09-15 20:24:30','2016-05-30 11:19:15','2019-06-21 12:40:24'),(86,77,7,'2017-12-29 12:08:52','2018-04-13 15:52:53','2011-01-26 23:56:00','2020-02-12 16:19:15'),(88,10,10,'2017-01-09 07:50:33','2015-12-18 08:14:16','2018-01-16 23:13:41','2017-07-05 06:09:03'),(88,18,9,'2013-08-18 21:19:11','2013-08-11 04:25:51','2015-08-25 18:20:01','2017-05-04 02:23:26'),(88,99,10,'2012-01-25 23:38:27','2015-03-24 17:18:29','2015-04-14 14:02:17','2016-10-25 03:56:44'),(89,41,2,'2013-02-07 20:55:06','2017-02-12 13:14:36','2017-07-14 11:20:53','2014-07-31 19:02:01'),(89,57,8,'2017-09-05 23:15:36','2018-03-27 22:31:45','2012-03-14 13:45:29','2012-05-16 01:17:01'),(90,37,1,'2015-01-02 19:20:11','2020-09-29 17:35:46','2017-04-05 08:26:18','2015-01-07 11:11:54'),(90,50,3,'2018-07-28 17:18:38','2015-04-01 05:25:54','2015-05-11 19:27:19','2015-11-02 02:22:27'),(90,76,9,'2018-02-18 11:14:31','2014-10-15 16:25:18','2016-06-21 17:59:22','2016-01-22 12:09:51'),(91,31,9,'2019-11-14 14:04:05','2017-06-27 05:07:48','2014-05-31 07:22:11','2012-10-31 01:15:36'),(92,3,7,'2015-02-08 04:04:30','2010-12-11 09:42:27','2019-06-05 05:08:30','2014-11-27 02:48:25'),(92,61,5,'2016-03-17 19:34:59','2016-08-06 16:26:43','2013-03-31 15:26:52','2016-11-12 19:48:29'),(93,8,8,'2017-03-22 12:00:10','2015-01-10 18:17:19','2012-04-22 09:28:21','2012-07-04 05:32:25'),(93,70,9,'2018-12-06 00:06:47','2013-06-17 14:30:23','2015-04-12 17:10:29','2013-03-30 06:10:24'),(94,31,1,'2015-06-20 19:58:35','2012-07-18 12:55:22','2018-03-08 16:14:31','2016-08-05 20:08:57'),(94,55,7,'2011-01-27 09:31:15','2013-02-15 14:24:20','2016-11-30 07:38:19','2011-08-21 15:44:50'),(96,2,5,'2011-06-08 16:40:24','2018-04-04 12:51:08','2017-05-27 20:07:31','2020-04-15 06:51:18'),(96,92,4,'2011-10-14 03:29:37','2011-07-25 18:52:13','2013-03-14 22:38:34','2020-06-19 07:18:22'),(97,59,3,'2016-04-02 00:19:30','2016-11-19 03:14:42','2017-10-25 15:29:12','2014-02-07 07:44:20'),(98,4,2,'2018-09-26 16:59:35','2012-02-16 18:55:56','2017-05-24 03:56:44','2014-10-19 19:03:46'),(99,4,7,'2019-07-17 19:08:41','2020-03-26 17:32:11','2014-06-06 22:58:56','2012-01-03 13:25:32');
/*!40000 ALTER TABLE `friendship` ENABLE KEYS */;
UNLOCK TABLES;

--
-- Table structure for table `friendship_statuses`
--

DROP TABLE IF EXISTS `friendship_statuses`;
/*!40101 SET @saved_cs_client     = @@character_set_client */;
/*!50503 SET character_set_client = utf8mb4 */;
CREATE TABLE `friendship_statuses` (
  `id` int unsigned NOT NULL AUTO_INCREMENT COMMENT 'Идентификатор строки',
  `name` varchar(150) CHARACTER SET utf8 COLLATE utf8_unicode_ci NOT NULL COMMENT 'Название статуса',
  `created_at` datetime DEFAULT CURRENT_TIMESTAMP COMMENT 'Время создания строки',
  `updated_at` datetime DEFAULT CURRENT_TIMESTAMP ON UPDATE CURRENT_TIMESTAMP COMMENT 'Время обновления строки',
  PRIMARY KEY (`id`),
  UNIQUE KEY `name` (`name`)
) ENGINE=InnoDB AUTO_INCREMENT=11 DEFAULT CHARSET=utf8 COLLATE=utf8_unicode_ci COMMENT='Статусы дружбы';
/*!40101 SET character_set_client = @saved_cs_client */;

--
-- Dumping data for table `friendship_statuses`
--

LOCK TABLES `friendship_statuses` WRITE;
/*!40000 ALTER TABLE `friendship_statuses` DISABLE KEYS */;
INSERT INTO `friendship_statuses` VALUES (1,'aut','2014-04-20 10:53:47','2016-12-01 21:03:36'),(2,'sit','2016-06-04 16:39:05','2017-01-06 05:42:00'),(3,'voluptatibus','2013-02-20 14:07:41','2012-02-25 21:25:33'),(4,'laborum','2018-03-28 18:08:41','2015-05-08 16:54:59'),(5,'doloribus','2014-09-19 13:08:07','2018-05-07 11:30:19'),(6,'nemo','2018-10-23 20:00:52','2014-06-30 19:59:51'),(7,'rerum','2013-10-10 08:22:20','2014-03-13 20:31:02'),(8,'quia','2014-04-23 15:06:33','2017-03-06 01:35:27'),(9,'quo','2011-07-02 10:48:14','2011-05-24 18:49:47'),(10,'dicta','2016-12-22 04:17:11','2015-10-24 13:28:44');
/*!40000 ALTER TABLE `friendship_statuses` ENABLE KEYS */;
UNLOCK TABLES;

--
-- Table structure for table `media`
--

DROP TABLE IF EXISTS `media`;
/*!40101 SET @saved_cs_client     = @@character_set_client */;
/*!50503 SET character_set_client = utf8mb4 */;
CREATE TABLE `media` (
  `id` int unsigned NOT NULL AUTO_INCREMENT COMMENT 'Идентификатор строки',
  `user_id` int unsigned NOT NULL COMMENT 'Ссылка на пользователя, который загрузил файл',
  `filename` varchar(255) CHARACTER SET utf8 COLLATE utf8_unicode_ci NOT NULL COMMENT 'Путь к файлу',
  `size` int NOT NULL COMMENT 'Размер файла',
  `metadata` longtext CHARACTER SET utf8mb4 COLLATE utf8mb4_bin COMMENT 'Метаданные файла',
  `media_type_id` int unsigned NOT NULL COMMENT 'Ссылка на тип контента',
  `created_at` datetime DEFAULT CURRENT_TIMESTAMP COMMENT 'Время создания строки',
  `updated_at` datetime DEFAULT CURRENT_TIMESTAMP ON UPDATE CURRENT_TIMESTAMP COMMENT 'Время обновления строки',
  PRIMARY KEY (`id`),
  CONSTRAINT `media_chk_1` CHECK (json_valid(`metadata`))
) ENGINE=InnoDB AUTO_INCREMENT=101 DEFAULT CHARSET=utf8 COLLATE=utf8_unicode_ci COMMENT='Медиафайлы';
/*!40101 SET character_set_client = @saved_cs_client */;

--
-- Dumping data for table `media`
--

LOCK TABLES `media` WRITE;
/*!40000 ALTER TABLE `media` DISABLE KEYS */;
INSERT INTO `media` VALUES (1,37,'Explicabo ut esse quos sint voluptatem. Nihil quod quis velit dolor. Consectetur quia fuga optio quos voluptatem tempore cum.',911479,NULL,15,'1982-02-23 11:26:44','2001-12-13 13:42:23'),(2,45,'Et dolores corrupti rerum accusantium error et quis. Laboriosam assumenda vero soluta qui nostrum. Rem rerum ullam doloremque ex. Animi ut dolorum praesentium placeat non est officia.',56388,NULL,6,'2013-01-06 00:04:32','1977-04-19 22:48:28'),(3,16,'Error vitae qui omnis illo nemo quibusdam quo. Neque eius quis non aspernatur. Dicta cum cum consequuntur et reiciendis quos. Sit qui enim autem incidunt nostrum ratione nemo.',356302,NULL,76,'1997-02-24 07:29:53','1980-02-01 14:00:14'),(4,77,'Distinctio nesciunt labore dolorem nam unde dolore. Et harum ipsa error qui illum ut. Sed suscipit vel sed nam ex iusto facilis soluta.',599400,NULL,95,'1986-07-13 00:47:15','1993-03-31 21:02:01'),(5,73,'Assumenda aut iusto sit ipsa et iste. Distinctio est voluptate error vel ut ea. Dolorem vel iure consectetur mollitia nostrum sed nam. Et qui et et sapiente.',221702,NULL,25,'2001-03-07 14:58:35','2014-10-20 07:56:43'),(6,16,'Est maxime vitae dolor in labore aut. Blanditiis enim eos est vitae incidunt ipsam recusandae. Saepe corporis molestias doloribus eaque error excepturi nisi.',185843,NULL,82,'1993-09-15 12:11:00','2012-02-26 22:24:50'),(7,66,'Dolorem est totam ut non. Molestiae laboriosam temporibus unde. Est soluta officiis deserunt dolorem eligendi qui. Dolorum aut qui quos aut omnis.',465610,NULL,48,'2006-12-07 07:31:07','2000-10-09 09:48:26'),(8,86,'Non non veritatis dignissimos iste cumque. Et modi velit suscipit hic. Est dolor distinctio necessitatibus cum ut ab aliquid illum.',922204,NULL,4,'2019-09-22 03:50:08','1995-02-09 23:57:14'),(9,67,'Consequatur autem molestiae non et et et et. In vero ad eum et repellendus a eum doloribus. Doloremque quos esse illo facere in architecto distinctio. Quia voluptas esse asperiores itaque beatae.',199634,NULL,10,'2001-04-28 15:51:38','2007-09-01 14:47:45'),(10,91,'Necessitatibus aut consequatur autem facere natus et. Doloribus voluptatem beatae magnam ex alias. Mollitia facilis debitis fugiat ipsam.',330948,NULL,83,'2015-06-05 07:01:37','1991-12-27 16:25:03'),(11,33,'Harum inventore et iusto mollitia voluptates. Omnis enim qui assumenda quod voluptatum eum et modi. Provident et expedita rerum non ut. Similique corporis optio repudiandae non.',150332,NULL,72,'1995-01-05 05:48:11','2008-03-08 06:12:59'),(12,76,'Quibusdam laudantium ut repellendus officiis hic. Voluptatem ad repellendus ut sed ea et eveniet. Sunt vitae suscipit facere porro et est. Non labore velit nemo.',775845,NULL,38,'1997-07-02 15:53:40','1999-05-08 04:07:05'),(13,36,'Nihil tempore iusto nostrum voluptatem fugit sint dolores. Molestias facere mollitia aut. Repudiandae minus asperiores tempore enim corporis repudiandae. Dolorem beatae et officiis praesentium ut.',969724,NULL,19,'1984-11-07 02:04:23','1973-02-03 22:33:23'),(14,5,'Praesentium modi enim qui non numquam. Pariatur deserunt assumenda officiis excepturi et. Possimus iusto consequuntur sequi qui quasi.',519870,NULL,11,'2011-07-30 00:33:56','2006-07-21 13:40:44'),(15,33,'Inventore iusto consequatur sit ut et. A reiciendis in illum qui sunt sunt molestias. Voluptas aut reiciendis ut rerum est itaque facilis.',206240,NULL,20,'1998-09-09 21:18:50','2020-08-09 12:39:53'),(16,46,'Consectetur aut esse nobis est blanditiis aut quibusdam. Iure sint qui rerum.',832243,NULL,69,'2016-12-27 03:00:32','1993-10-18 03:25:35'),(17,35,'Et maiores itaque ab nobis veritatis. Alias doloribus ut exercitationem quaerat. Aut vero ea aut neque assumenda atque eum.\nNobis ad non error. Culpa autem consequuntur minima aut et error aperiam.',349436,NULL,91,'1998-10-02 21:12:21','2017-01-08 11:21:25'),(18,75,'Consequatur veniam voluptatem sit quis. Vero corrupti necessitatibus incidunt ut aspernatur aut culpa. Aut qui quaerat praesentium at. Tempore et omnis quis pariatur tempora optio placeat.',709777,NULL,50,'1975-06-12 21:24:38','2005-03-30 13:56:18'),(19,67,'Earum a hic nesciunt voluptatibus veritatis omnis recusandae. Magni ea alias rerum distinctio recusandae impedit molestiae. Voluptas voluptatem vitae molestiae eius.',511250,NULL,51,'2005-06-28 10:58:49','2000-03-18 23:21:38'),(20,45,'Accusantium voluptate animi modi. Corporis occaecati qui atque non molestiae. Animi recusandae qui ut aut vel in.',838204,NULL,39,'1973-04-08 03:44:17','1978-03-25 03:17:11'),(21,75,'Sapiente tempore occaecati ullam officiis nam nemo eum. Et omnis veritatis harum amet. Odit quidem quo doloribus possimus dolorem vero. Id qui placeat recusandae quisquam.',201792,NULL,61,'1978-05-03 09:56:32','2018-11-06 09:39:43'),(22,20,'Quis quia aperiam minima maiores voluptatem eius sed. Quis quam est voluptatem earum mollitia et velit. Reprehenderit maiores consequatur laboriosam nemo.',73662,NULL,41,'1990-01-10 01:20:59','1973-01-12 06:18:04'),(23,8,'Dolores atque voluptatibus corrupti eveniet voluptas. Perferendis nostrum qui et nesciunt. Voluptas rerum nobis et eaque in rerum tenetur maxime. Quibusdam vel inventore soluta est provident.',201014,NULL,6,'2006-09-21 16:24:08','1978-01-04 22:36:57'),(24,44,'Repellat voluptatem odio reiciendis est est fugiat. Quibusdam asperiores unde possimus provident. Iure facilis vel repellat. Nulla consequatur et et dignissimos molestiae.',311112,NULL,75,'1988-01-05 02:57:27','2007-10-15 15:32:20'),(25,16,'Recusandae perspiciatis a ut est quo. Ut dolorem similique ea enim. Tempore enim iste voluptatum minima.',785048,NULL,35,'1980-12-11 17:29:49','2008-01-16 14:51:09'),(26,57,'Quo officiis nobis corrupti quo incidunt quia. Sunt aut provident nemo ipsum perferendis illo. Vero mollitia ut voluptatum. Quisquam corporis dicta autem earum laboriosam voluptates velit.',735886,NULL,48,'2013-03-04 11:52:32','2006-01-27 21:37:28'),(27,7,'Vero nesciunt tenetur nihil amet sed amet voluptas. Sapiente maiores mollitia ab sunt. Laboriosam sit magnam veniam minus et ut in. Dolor ipsa saepe deserunt cum iste est.',782652,NULL,32,'2016-02-04 21:12:42','1970-12-01 15:31:20'),(28,85,'Et rerum et enim voluptatum eius. Et nobis quam eveniet neque.',102602,NULL,42,'2019-07-13 20:19:28','1995-10-20 02:10:24'),(29,51,'Qui assumenda a minima ratione fugiat qui. At aliquam est iusto quaerat alias. Autem nulla quidem hic blanditiis quasi impedit.',490036,NULL,89,'1979-02-23 11:04:33','2004-10-05 19:03:42'),(30,52,'Reiciendis velit doloribus corporis exercitationem voluptatum porro. Ut sit corporis voluptate voluptatem sunt.',527938,NULL,84,'1998-03-23 01:20:45','1987-03-03 01:57:29'),(31,9,'Perspiciatis iusto eligendi blanditiis. Dolores blanditiis distinctio perferendis est. Dolores tenetur repellendus debitis sit ratione.',472260,NULL,98,'1975-05-12 09:18:45','1988-11-11 14:09:13'),(32,53,'Animi saepe porro vel qui commodi ipsum. Quisquam qui asperiores qui minus ea. Et quis est doloremque corrupti autem error. Fugiat adipisci unde ratione.',828236,NULL,43,'2014-05-02 07:10:53','1986-03-15 10:17:41'),(33,89,'Saepe possimus officia facere ab. Ipsam dolor laboriosam omnis consequatur ab enim assumenda. Et omnis dicta sed omnis non vitae. Et iure excepturi molestias nobis repudiandae neque.',607488,NULL,27,'2005-03-01 00:59:59','2012-09-25 12:05:17'),(34,93,'Facilis porro et quibusdam corporis. Enim aperiam officia tempore. Placeat commodi reiciendis quasi corrupti quaerat suscipit unde.',308650,NULL,55,'2010-08-22 03:57:16','1981-02-28 23:31:09'),(35,78,'Similique vero qui doloremque assumenda. Culpa laboriosam sit ratione beatae voluptatem dignissimos explicabo. Sit id corporis dolor sint. Molestiae dolorem sed voluptatem.',505267,NULL,38,'1982-08-19 16:36:41','1987-11-15 07:31:18'),(36,94,'Aut laudantium aut voluptas saepe esse. Voluptas consequatur ut molestias odio eos. Assumenda et et eos tempora. Officia id doloribus cumque accusantium.',646476,NULL,52,'1972-10-27 09:30:58','1977-11-26 02:41:15'),(37,98,'Quos harum architecto sit voluptate atque unde. Similique asperiores minima et mollitia vero.',198433,NULL,13,'1987-04-03 19:20:07','1980-12-14 15:12:37'),(38,93,'Asperiores incidunt quo distinctio animi voluptatem. Corporis illo et similique saepe nemo sint sunt vel. Ea ut necessitatibus vel quasi. Minus tempora vel est doloremque error qui.',970708,NULL,5,'1997-06-14 03:03:41','1997-10-18 21:29:01'),(39,19,'Maiores ratione fuga omnis nesciunt aut est qui. Fugit veritatis libero ut deleniti a quia. Sunt ut esse odio. Ipsam sed aliquam atque optio sunt et.',577018,NULL,37,'1977-05-03 15:11:09','1998-05-02 22:13:35'),(40,79,'Iure aut illo aperiam iste odio sint autem. Laborum voluptas esse excepturi. Quia quaerat sed id et ut aperiam harum ipsam.',998289,NULL,34,'2007-04-12 13:17:12','2000-06-10 03:24:17'),(41,71,'Repellendus expedita officia quibusdam nobis consequatur. Dolor aspernatur aut eos dolorem non possimus sint et. Et officia quaerat suscipit eveniet. Pariatur sed ea eos enim.',971617,NULL,36,'1986-12-02 00:49:08','1974-02-09 09:23:53'),(42,82,'Quia explicabo voluptas deleniti. Voluptatem iure labore qui eum.\nAut asperiores esse sed placeat expedita. Ut perspiciatis omnis dicta. Inventore modi nulla sunt quia unde cupiditate.',92088,NULL,77,'2008-08-31 04:07:39','2020-03-08 05:37:44'),(43,68,'Ut animi et qui. Ullam autem dolores eius enim. Enim est earum non. Voluptatibus voluptatem architecto error.',536501,NULL,66,'1994-05-22 09:20:01','1973-07-19 12:59:17'),(44,19,'Praesentium asperiores laboriosam assumenda impedit. Quia ipsum est velit.',412590,NULL,18,'1980-12-22 03:41:29','1993-10-23 04:50:56'),(45,55,'Quia occaecati quaerat sed. Cum dolores nobis aut nulla alias voluptas quisquam fugit. Quibusdam quam error id facilis. Et accusantium consectetur necessitatibus magnam in culpa ab.',163930,NULL,70,'2013-05-29 21:15:00','2014-01-18 21:42:50'),(46,2,'Velit quia totam incidunt sint. Cumque aut quo mollitia numquam voluptates quae quam. Aut atque nesciunt aut nihil. Dolor aut ullam similique culpa soluta.',716280,NULL,63,'1977-01-26 15:05:47','1982-05-17 18:23:37'),(47,68,'Reprehenderit dicta et eaque rerum sapiente inventore. Voluptas similique est ut corporis rerum voluptatem. Voluptas earum id sit eum incidunt blanditiis repellat.',426475,NULL,54,'1978-01-31 09:59:54','1981-05-20 13:56:02'),(48,6,'Non rerum a laborum odit culpa. Id voluptates consectetur est sed nihil ipsa odit aut. Quibusdam a et et quisquam. Non id exercitationem praesentium consequuntur.',287590,NULL,56,'1979-04-08 03:04:17','1988-01-13 10:41:32'),(49,80,'Aut veniam dicta sint suscipit. Suscipit et quidem ad repudiandae sit aut. Ut et et error aut voluptatem voluptatem rem. Velit sunt qui est quo distinctio.',264428,NULL,99,'2014-09-21 05:17:37','2013-08-03 19:59:55'),(50,10,'Mollitia molestias dolorem sunt iusto sunt aut. Eius occaecati deserunt exercitationem. Quis itaque est autem nihil.',605256,NULL,57,'1970-10-12 12:40:15','1975-01-11 00:27:37'),(51,36,'Fugiat unde nostrum omnis et beatae quis rem. Asperiores incidunt ut dolore aliquam architecto. Est alias consequatur a magnam facere doloribus rerum. Dolor eius sequi sunt voluptates qui ea fugit.',766587,NULL,3,'1972-07-27 05:29:35','2005-09-08 17:38:41'),(52,9,'Aut magni sit odio est fugit quo. Est quibusdam nobis ratione tempora consequuntur. Quia vel voluptatem quasi molestiae.',969845,NULL,34,'1977-03-15 03:59:36','2008-07-17 08:58:20'),(53,16,'Aut ab ullam id consequatur. Cupiditate mollitia non repellat aliquid beatae. Et excepturi ullam consequatur incidunt ea.',326963,NULL,2,'1976-10-05 23:53:37','2001-07-11 13:25:08'),(54,39,'Ab et nulla eveniet voluptatibus facilis. Nemo voluptas sunt optio asperiores deserunt itaque nisi harum. Reprehenderit aut ullam iusto ea placeat maxime dolores.',448809,NULL,35,'1997-10-08 22:56:48','1989-03-10 18:43:51'),(55,38,'Non quasi sed dolore asperiores libero modi. Cum unde voluptas asperiores dolor fugiat debitis.\nDolores aut illo nulla assumenda veniam reiciendis libero. Est voluptas sint dolores quia.',843723,NULL,17,'2011-03-20 12:44:56','1988-01-15 17:54:57'),(56,68,'Sed rerum blanditiis beatae dolorum nulla. Minus aut repudiandae dolor enim. Molestiae quo soluta est praesentium voluptatem recusandae et aut.',182514,NULL,8,'1990-01-04 19:46:18','1991-03-09 07:31:16'),(57,53,'Voluptate ut et molestiae tempore alias similique dolores. Necessitatibus reprehenderit inventore et facere corporis in sapiente totam. Quod provident laboriosam dolorum.',456162,NULL,50,'2001-05-16 22:09:20','1979-01-15 23:56:44'),(58,85,'Occaecati quis sit sed ut reprehenderit consequatur. Modi molestiae saepe assumenda veritatis labore est.',192717,NULL,20,'1983-06-12 04:34:00','1972-12-09 16:04:20'),(59,15,'Ad est voluptatem temporibus nihil eos qui. Omnis porro incidunt dolore consequatur itaque esse sed sit. Expedita quia sed officiis sapiente.',859770,NULL,3,'1982-07-30 08:23:43','1990-08-18 10:13:46'),(60,38,'Non eaque dolorem impedit. Perferendis at aspernatur qui occaecati qui quam. Fuga impedit libero corporis rerum ut.',184266,NULL,70,'1972-12-12 08:20:10','2009-11-04 03:38:58'),(61,73,'Tempora animi optio vitae sed placeat quo magni. Iste qui sed impedit a porro repellendus. Accusantium debitis et nesciunt autem ea voluptate.',742924,NULL,39,'1988-04-27 07:59:23','1991-09-04 11:26:03'),(62,32,'Et aspernatur aut voluptatem. Ut ut mollitia molestiae laudantium inventore qui. Ut odit sint asperiores quia et. Sapiente maiores eaque impedit nesciunt.',117763,NULL,40,'1992-12-01 01:55:11','1995-03-05 21:44:43'),(63,92,'Quo esse nisi at vitae ad sunt eum. Omnis sit quia vel molestias iusto. Omnis voluptatem a quod. Nemo aut dolores molestiae nulla beatae ad suscipit.',256770,NULL,38,'1998-07-04 14:19:33','2004-05-11 20:38:29'),(64,95,'Quo vel commodi corporis eveniet porro dolorem. Sit voluptate repudiandae hic. Magni nobis ea dolor voluptates omnis distinctio voluptatibus.',508418,NULL,72,'2004-08-08 20:04:57','2004-12-30 02:31:51'),(65,37,'Soluta laudantium quae praesentium hic eos et. Dolore et eveniet velit omnis rerum totam. Deserunt numquam voluptatem consectetur possimus sed.',641686,NULL,5,'2019-08-18 01:56:25','2018-10-07 04:41:41'),(66,29,'Ut cupiditate fugiat ut non aliquid reprehenderit autem. Repudiandae nesciunt tenetur vel modi expedita rem fugiat. Voluptas ut quia est. Quam ad pariatur sunt atque sunt laborum ullam.',788495,NULL,72,'1993-12-15 21:19:09','1986-05-19 12:26:50'),(67,7,'Laudantium modi eveniet dolore dolor aut consequatur. In necessitatibus aliquid aut nisi reprehenderit voluptatem. Veniam asperiores quidem et excepturi. Alias sint earum ab aut ut.',396547,NULL,38,'1988-11-08 12:19:45','1996-05-17 14:05:17'),(68,6,'Laboriosam ut nisi sit voluptas hic iure ab. Et atque odit et quis omnis. Aliquam labore voluptatem quos sit a velit.',302973,NULL,23,'1981-11-14 19:04:16','1995-11-04 06:16:23'),(69,39,'Eveniet officia deleniti distinctio dignissimos dolores voluptas. Molestias totam voluptatem qui sint voluptas. Et reprehenderit vitae voluptas et laborum praesentium. Dolore excepturi non nihil in.',904119,NULL,44,'1993-02-27 03:31:44','1985-11-28 07:25:49'),(70,57,'Impedit minus praesentium omnis doloribus fugiat quae rerum consequatur. Reprehenderit consectetur exercitationem praesentium quos est a error. Velit sit vel dolore maiores ab.',445169,NULL,76,'2019-09-22 12:12:44','1978-12-28 23:01:19'),(71,61,'Doloribus aut et quia sapiente maxime facilis id. Voluptatem impedit pariatur aut.',263123,NULL,25,'1994-06-03 05:52:16','2018-09-01 09:12:28'),(72,84,'Quo doloremque consequatur corrupti et reiciendis dolor. Sit et eum autem velit dolorem et.',314732,NULL,13,'1981-10-26 17:06:25','1986-10-08 13:33:02'),(73,74,'Nostrum dolorem voluptate magni a. Error fuga enim et quidem eum iste. Et beatae aut blanditiis omnis minus deserunt. Eos minus voluptas quisquam labore.',578078,NULL,68,'1994-03-19 23:28:42','1975-09-08 08:10:45'),(74,32,'Quasi dolores cupiditate nisi aliquam dolorem. Repellat sed delectus iste enim. Repellat ad enim illum est.',846882,NULL,88,'1976-01-21 17:45:24','1987-06-24 15:21:20'),(75,71,'Explicabo consequatur quia fuga laudantium fuga maxime id. Perferendis officiis harum sapiente natus iure doloremque. Molestiae porro occaecati dolorum voluptas dolorem ad velit.',458131,NULL,69,'2020-04-30 14:39:27','2015-04-13 02:17:21'),(76,57,'Ex qui aliquam vel enim cum. Autem at numquam consectetur architecto voluptatem nemo laudantium. Harum eum quae non nihil incidunt.',228687,NULL,43,'1972-12-10 17:10:34','1975-08-17 05:11:29'),(77,8,'Voluptatum fugiat doloremque velit. Aut tempora eum illum est rem quae. Quibusdam commodi dolore aut mollitia voluptatem animi.',138895,NULL,89,'1988-05-14 04:57:51','2008-05-15 00:53:26'),(78,83,'Molestiae dolorem repudiandae assumenda laboriosam rerum dicta. Explicabo laboriosam laboriosam et commodi aliquid inventore. Possimus laboriosam non tempora qui excepturi minima dignissimos enim.',982460,NULL,99,'1984-12-30 05:07:44','2017-11-28 14:06:46'),(79,27,'Quisquam nulla sint corporis consequatur voluptatem ipsa. Earum ratione error cum id. Sunt expedita accusamus saepe. Aperiam voluptas iure provident.',790248,NULL,77,'1999-08-30 00:32:44','1985-03-22 03:45:49'),(80,71,'Dolor voluptatibus enim cupiditate tempore. Eum maiores exercitationem at officiis alias. Illum similique possimus vero nulla. Id quam nisi quis aliquid. Enim optio fuga et dolorum magnam dolorem.',459708,NULL,63,'2003-06-17 14:41:56','1970-03-06 20:12:06'),(81,81,'Atque eos quos et voluptates est. Dolorem dolor quod accusamus dolores eius animi. Et et provident quia sint perferendis et sint enim. Dolores architecto et et et.',231795,NULL,99,'1979-03-17 04:02:49','1970-05-19 20:56:06'),(82,35,'Sed eos non et. Libero ex molestiae reiciendis quaerat aut. Nihil sunt expedita ea ratione rerum. Libero labore officia mollitia ea molestiae itaque.',916424,NULL,88,'2006-07-30 14:40:35','2006-07-04 06:53:55'),(83,36,'Velit maxime voluptatem vitae molestiae sunt nam dolorum. Necessitatibus nesciunt odio sapiente soluta aut quasi amet iusto. Cum reiciendis aut velit. Sit sint molestias quo.',203478,NULL,41,'1980-12-02 08:16:10','1987-04-29 09:45:24'),(84,10,'Culpa eum tenetur nulla enim. Enim ut reiciendis impedit iusto dolorem. Minima ipsam assumenda sunt recusandae omnis ut.',141377,NULL,75,'1978-10-07 17:55:55','1990-12-02 05:20:34'),(85,84,'Eius sequi nihil eos officia. Magnam eius voluptatem et repudiandae nam rerum dicta. Quo ex recusandae provident et rerum.',560822,NULL,66,'2010-06-29 22:42:56','1977-03-17 08:51:01'),(86,50,'Unde eos est ut est est at. Voluptatem odit consequatur corporis eos autem animi. Aut totam aut et est impedit reprehenderit aut. Et cupiditate corrupti debitis nobis vitae temporibus sint.',358885,NULL,44,'2001-05-12 21:01:13','2006-12-28 13:17:32'),(87,90,'Impedit totam ipsum nihil corporis doloribus culpa incidunt. Corporis in qui esse dolorem explicabo et. Dolores eveniet dolorum magni et iste. Ut labore quas qui animi eligendi officia doloremque.',130950,NULL,34,'1983-09-30 16:40:45','1977-05-07 23:21:19'),(88,56,'Debitis qui fugit adipisci aut debitis sunt odio cum. Consequatur et beatae laudantium rerum unde. Est unde sit quia ut. Maiores eaque voluptate sunt deleniti reprehenderit.',219788,NULL,63,'2000-08-21 10:40:22','1990-04-25 19:20:45'),(89,1,'Consequatur nobis necessitatibus tenetur. Autem possimus ut molestias dignissimos commodi dolore dolorum. Quia dicta at et voluptas. Facilis repellat non corporis quis mollitia incidunt voluptatem.',478727,NULL,88,'1983-05-01 16:50:49','1973-05-16 06:52:19'),(90,51,'Quis expedita aliquid nisi consequatur quod est quas. Maxime fugit quam earum et itaque recusandae debitis. Aut deleniti deleniti consectetur quo delectus quia cupiditate.',953097,NULL,72,'2001-04-08 12:07:01','1976-09-28 18:55:41'),(91,56,'Nihil accusantium aperiam aut est necessitatibus dolor vitae. Soluta illum dolor facere. Saepe ullam illum possimus est maxime. Maiores rerum porro commodi fugit doloribus vel.',657057,NULL,8,'2017-11-02 03:07:29','2015-10-04 05:01:49'),(92,15,'Velit delectus eaque aut suscipit sit voluptatem. Reprehenderit architecto rem dignissimos odio eligendi officia odit. Amet est aut voluptas fugit quia sequi.',760965,NULL,63,'2008-05-13 02:11:37','1983-04-21 04:13:55'),(93,97,'Distinctio et repudiandae facere eum. Reprehenderit ex laborum explicabo rem voluptatum neque rerum. Rerum error eligendi doloremque assumenda a nulla.',474584,NULL,97,'1983-04-05 08:21:38','2018-05-26 02:10:23'),(94,62,'Et quae corporis tenetur ut. Eaque deserunt ut veniam beatae omnis aliquid.',366255,NULL,24,'1976-02-07 22:25:41','1991-07-23 09:07:29'),(95,74,'Voluptas et tempore ut earum. Odio sunt debitis culpa delectus aut amet. Enim laboriosam voluptas unde consectetur voluptatem numquam. Sapiente odio quos dolor inventore.',214399,NULL,32,'2015-12-01 13:55:12','1995-11-18 04:24:56'),(96,87,'Eveniet recusandae architecto aut labore explicabo ad veritatis. Quis et quia itaque modi saepe quis sed. Qui iste voluptatem dolorem sit deleniti.',529830,NULL,54,'2009-10-05 21:37:35','2002-12-07 16:18:21'),(97,31,'In ut necessitatibus repellat sit. Doloribus ea et ipsam voluptas beatae eveniet voluptatibus sunt. Esse in quas autem dignissimos error aut sunt voluptatem.',978317,NULL,22,'1980-07-25 01:02:41','2014-11-23 13:16:24'),(98,41,'Voluptas molestias eaque sed harum sunt. Sit ab amet sit quis porro non et laborum. Accusantium dolores voluptate repellat id rem explicabo ut. In in nemo dicta recusandae velit molestiae sunt.',87993,NULL,67,'2018-10-01 08:13:11','2008-04-20 23:55:19'),(99,62,'Illum harum fugiat ut odit minima possimus. Dolore et est necessitatibus aperiam quidem corporis veniam nam. Eius quia itaque voluptas aut sed. Et sed natus sunt qui.',638929,NULL,51,'2010-05-06 22:10:09','1981-11-18 02:37:44'),(100,41,'Rerum consequatur fuga eos quasi. Cupiditate odio officiis et quia unde rem ut. Architecto id ratione maiores.',332868,NULL,45,'1991-02-13 06:16:54','1991-11-10 22:52:37');
/*!40000 ALTER TABLE `media` ENABLE KEYS */;
UNLOCK TABLES;

--
-- Table structure for table `media_types`
--

DROP TABLE IF EXISTS `media_types`;
/*!40101 SET @saved_cs_client     = @@character_set_client */;
/*!50503 SET character_set_client = utf8mb4 */;
CREATE TABLE `media_types` (
  `id` int unsigned NOT NULL AUTO_INCREMENT COMMENT 'Идентификатор строки',
  `name` varchar(255) CHARACTER SET utf8 COLLATE utf8_unicode_ci NOT NULL COMMENT 'Название типа',
  `created_at` datetime DEFAULT CURRENT_TIMESTAMP COMMENT 'Время создания строки',
  `updated_at` datetime DEFAULT CURRENT_TIMESTAMP ON UPDATE CURRENT_TIMESTAMP COMMENT 'Время обновления строки',
  PRIMARY KEY (`id`),
  UNIQUE KEY `name` (`name`)
) ENGINE=InnoDB AUTO_INCREMENT=101 DEFAULT CHARSET=utf8 COLLATE=utf8_unicode_ci COMMENT='Типы медиафайлов';
/*!40101 SET character_set_client = @saved_cs_client */;

--
-- Dumping data for table `media_types`
--

LOCK TABLES `media_types` WRITE;
/*!40000 ALTER TABLE `media_types` DISABLE KEYS */;
INSERT INTO `media_types` VALUES (1,'Aliquid non facilis ut nisi error. Debitis qui quaerat itaque ipsa tempora dolore laborum. Autem dolor pariatur et aut. A dicta illo adipisci quaerat et sit.','2011-03-24 10:04:40','2016-04-09 03:38:19'),(2,'Quidem quis quia nihil mollitia ipsa odio perspiciatis. Impedit ea quia cupiditate quia quos. Illo molestias deserunt aut cum ut.','2019-02-22 14:33:55','2017-04-09 07:17:28'),(3,'Et itaque repellendus voluptatem quia quia hic. Ut iure aperiam dolor ipsa qui explicabo. Aut qui id sed veritatis adipisci fugit.','2011-11-26 15:16:22','2017-03-02 14:30:22'),(4,'Non suscipit numquam sed nobis mollitia maiores. Libero iure omnis mollitia totam reiciendis explicabo. Quidem similique pariatur et aut quia sapiente qui voluptates.','2016-09-08 03:22:09','2018-01-31 17:35:47'),(5,'Perspiciatis accusantium quis corrupti est corrupti deserunt soluta. Dolor voluptas asperiores ut et.','2018-01-12 19:06:06','2016-01-29 11:27:44'),(6,'Voluptas beatae est quaerat non non hic laudantium et. Cupiditate tenetur quos autem corporis non eos beatae. Ullam sed in eaque eveniet tenetur dolorem cum. Qui necessitatibus quod ducimus amet.','2018-06-06 11:40:19','2012-06-05 21:19:26'),(7,'Iste dicta excepturi tempore ex inventore porro. Rem pariatur accusamus rerum. Quia officia repellat enim illo eveniet id. Et officia ut doloremque.','2020-09-14 21:46:37','2016-11-18 13:13:27'),(8,'Velit qui enim est quia. Dolor veritatis autem hic non.','2018-01-20 03:48:58','2015-06-18 12:54:35'),(9,'Assumenda deserunt non rerum omnis laborum voluptatem. Impedit eligendi occaecati nemo sed nemo voluptate. Omnis consequatur placeat necessitatibus iure.','2019-02-03 11:26:12','2019-08-02 04:55:31'),(10,'Quo accusamus quia consequatur in est adipisci. Dolorem eveniet nam quia aut qui. Esse optio tenetur ut natus fuga non tempore.','2014-06-23 12:29:47','2012-09-08 01:43:36'),(11,'Sint dicta sapiente aut fugiat. Vel laboriosam distinctio architecto vero qui recusandae qui.','2017-04-07 07:14:41','2016-06-19 17:16:19'),(12,'Aliquid reiciendis recusandae sed blanditiis. Omnis fugiat ratione nisi consequuntur expedita omnis laborum. Voluptatum voluptate voluptatibus dolor unde possimus voluptas architecto.','2017-09-16 03:32:28','2019-12-31 12:43:29'),(13,'Dolorum consequatur maiores ratione soluta nemo ad facere. Aut ea iusto omnis laudantium in dolor vitae. Aperiam eveniet et culpa consequuntur facere.','2012-04-04 10:59:02','2014-04-17 15:57:28'),(14,'Voluptatibus ullam magnam rerum libero. Officia porro eos iste odio. Occaecati ut rerum hic id aut aliquam hic.','2011-04-13 00:18:08','2019-09-19 20:48:32'),(15,'Vitae ea pariatur et est unde rerum omnis. Rerum consectetur non qui qui. Modi placeat sit temporibus reprehenderit et beatae. Sunt provident et molestias architecto in dolorum.','2020-10-01 11:48:42','2013-11-08 18:20:36'),(16,'Nisi eligendi soluta qui rem voluptatum. Placeat itaque odio libero et ut. Eum voluptatem soluta aut aut nam quis.','2020-05-05 09:19:41','2013-01-30 19:40:13'),(17,'Et officia tempora est autem. In reprehenderit totam fugit corporis. Numquam perspiciatis dolores repellendus ut aut voluptatum in.','2016-11-23 05:36:10','2013-01-15 17:32:19'),(18,'Deleniti autem omnis dolores eius. Aut nostrum ratione velit dolores. Amet distinctio odio minima. Exercitationem illo reprehenderit unde consequatur eos.','2017-09-18 23:20:55','2011-04-11 10:49:41'),(19,'Assumenda reprehenderit odit rerum et similique et qui nihil. Doloribus omnis laudantium et eos rerum consequatur. Modi occaecati rerum aut dolor saepe.','2014-02-19 22:24:46','2017-04-19 20:13:11'),(20,'Quia pariatur eum dolore iure et molestiae eius. Facilis eum facilis occaecati nihil aliquam unde distinctio. Est tempora ratione dicta quisquam et.','2017-01-04 00:14:32','2012-09-26 18:24:39'),(21,'Rerum eum omnis dicta optio dolores. Expedita quod tempora nesciunt fuga saepe est. Voluptas soluta in laboriosam aut voluptas et cum dolor. Dolores tenetur et harum rerum aut.','2016-08-01 11:41:20','2014-07-02 08:21:28'),(22,'Suscipit exercitationem nobis natus aut suscipit ut. Placeat quis explicabo non explicabo soluta nisi. Voluptas aut voluptas nisi architecto itaque.','2020-02-03 18:12:14','2012-11-12 09:41:16'),(23,'Ea et et sint aut. Dolore molestiae error et ad debitis cupiditate debitis. Eum aliquid dolorum repudiandae.','2012-06-18 21:34:26','2011-05-02 10:34:36'),(24,'Voluptatum cupiditate et nesciunt iure ut incidunt. Soluta ut sed doloremque est nobis non sit velit. Et iusto necessitatibus sed molestiae illum ipsum amet.','2012-05-02 06:03:10','2020-01-18 05:55:12'),(25,'Hic error eum minima. Architecto quos ut placeat. Sunt culpa sit accusantium libero quia iste hic. Aliquam culpa aut ad dolor molestiae.','2016-10-30 05:08:26','2013-02-27 06:49:07'),(26,'Accusamus est consequatur aspernatur autem deserunt ut facilis. Quis vitae eum quas tenetur minus. Nisi iste illo voluptas velit voluptates eos. Sed quidem consectetur cum delectus sapiente omnis.','2018-02-17 23:27:48','2014-02-13 15:23:26'),(27,'Laboriosam et itaque vero quibusdam. Ratione ut occaecati at consequatur. Sit similique tempora facilis.','2014-04-06 14:06:09','2014-12-01 01:35:13'),(28,'Id aspernatur architecto quas eum in natus. Quia non qui veniam repellendus corrupti. Aut et quia laboriosam occaecati voluptas. Officiis modi tempora quos et velit illum aut.','2017-12-27 11:26:22','2011-09-26 07:12:28'),(29,'Quo quibusdam sit praesentium corrupti velit fugit aperiam. Molestias impedit et et nisi. Est ex omnis quis labore veritatis eum.','2018-09-30 00:54:06','2019-03-21 07:37:48'),(30,'Hic nobis eos quod. Cupiditate odit labore possimus esse. Esse doloremque nobis et sed sunt voluptatem dolores non.','2014-03-10 15:44:47','2019-06-25 07:37:28'),(31,'Dolores modi rerum numquam cumque adipisci corrupti. In vel temporibus voluptate. Et consequatur officia est non ea commodi.','2014-09-16 06:47:54','2011-09-05 15:49:51'),(32,'Non nesciunt laboriosam temporibus eos molestiae sed sint. Aut enim nulla enim expedita. Aut minus fugiat tempore rerum praesentium nihil nihil.','2014-10-29 08:07:25','2012-05-07 14:09:39'),(33,'Aliquam aut unde tempora enim dolores cupiditate non. Aliquid atque qui molestiae sed neque. Sit tenetur necessitatibus tempora commodi error.','2015-03-26 19:57:47','2012-05-22 02:55:42'),(34,'Aperiam voluptatibus sint pariatur. Ut ex amet nisi enim velit est vel. Ratione sed quidem aut iste. Dolorum aut voluptas exercitationem ratione facilis.','2012-02-09 07:45:13','2014-12-04 18:39:15'),(35,'Est et voluptatem nesciunt atque illum. Sequi possimus aliquid dolor iure cumque excepturi in. Iusto veritatis eos maxime quae.','2013-03-12 01:05:34','2020-08-23 22:25:11'),(36,'Enim qui non error non. Consectetur sed et qui. Sapiente dolore et similique impedit iure.','2014-06-01 06:20:57','2014-09-18 14:48:41'),(37,'Voluptatibus vitae nam non. Dolorem ab doloribus aut. Asperiores aspernatur qui veritatis ut sit est.','2016-07-21 13:21:15','2017-04-11 04:46:09'),(38,'Porro aut minima et quos facilis quaerat hic a. Atque vel fugit animi rerum eaque doloremque laboriosam qui. Aut voluptate placeat similique ut ducimus quo et cupiditate.','2017-02-01 04:36:21','2014-07-21 18:57:27'),(39,'Nostrum et accusantium dignissimos saepe commodi. Laboriosam vero quis voluptatum illo. Et hic molestias et quaerat harum.','2013-03-15 10:17:36','2018-03-27 14:29:05'),(40,'Soluta aperiam dicta dolores quia ea. Quas temporibus eos tempora culpa a rerum molestias. Rerum nesciunt odit placeat eos adipisci in laborum ullam.','2019-05-03 18:00:04','2013-12-08 19:23:24'),(41,'Totam id qui voluptas omnis magni eius illo. Atque qui officiis cumque quis ex. Necessitatibus laboriosam quo accusamus blanditiis vero sunt voluptates. Sint voluptas esse laborum et.','2011-12-05 13:50:24','2017-10-13 16:03:43'),(42,'Dolor et molestiae quos. Voluptatem quisquam et sint. Porro aut velit a.\nUt omnis rerum cupiditate veniam. Et velit molestiae tempora dolorem ipsum nihil.','2019-10-17 05:30:49','2019-11-21 12:50:56'),(43,'Rem sint rerum sit qui itaque mollitia in. Autem voluptas deleniti aut impedit ut. In quam ut enim in. Et impedit deleniti quaerat saepe laboriosam.','2014-08-28 17:51:56','2015-02-04 06:10:17'),(44,'Qui nobis placeat explicabo ducimus et maiores. Nihil et rerum et. At consequatur qui sed et dignissimos architecto.','2017-11-16 04:46:30','2019-01-25 10:36:40'),(45,'Vel pariatur beatae tempore ipsam. Quia facere optio nesciunt voluptate incidunt alias ab. Pariatur doloremque quasi suscipit ea doloremque.','2019-01-31 01:17:32','2011-11-08 02:58:46'),(46,'Laudantium sed ut nihil perferendis incidunt. Perferendis et tempora autem ipsa modi quaerat. Officia adipisci et odio vitae.','2014-12-27 05:40:49','2019-08-06 00:52:30'),(47,'Velit non eius nostrum ex id minima. In consequuntur fuga dolorem non nemo. Aut aut ut qui totam fugit earum. Aliquid cum consectetur animi ut asperiores doloremque. Esse facilis omnis qui quia.','2018-07-20 08:12:14','2011-10-31 16:53:09'),(48,'Quidem eius quis dolorem ea aperiam enim error odit. Amet dolor voluptate sunt quis optio inventore.','2014-08-03 01:42:12','2013-01-01 00:01:39'),(49,'Eos qui ex voluptatem nisi aut assumenda ut. Vel ratione tempora minima fugiat non. Qui quis sit libero consequatur. Molestiae hic quae exercitationem sit eos.','2013-02-28 21:32:00','2013-02-20 00:46:17'),(50,'A minima iste commodi numquam qui ut nam. Officiis maiores iste ut hic sunt odio accusantium atque. Fugit est maiores et qui qui.','2014-06-25 17:14:42','2011-07-28 01:13:44'),(51,'Qui corrupti dolorem aut debitis error corrupti. Est ut numquam temporibus. Ullam laudantium expedita velit.','2014-04-15 18:52:15','2014-08-09 06:57:49'),(52,'Adipisci laborum dolor quasi est. Quam nihil quis et ut eum voluptatem. Porro et rerum et necessitatibus molestiae necessitatibus et. Amet magni tenetur modi fuga earum.','2017-04-22 09:33:56','2010-12-14 15:49:47'),(53,'Ut voluptas rerum aut similique dignissimos. Iure et reiciendis totam ad sint in veritatis. Doloribus neque non nobis est recusandae.','2020-06-02 15:24:51','2018-09-05 20:14:11'),(54,'Rem sed impedit maxime voluptas magni illo illo dolor. Molestiae deserunt vero rerum rerum quibusdam illum quis. Temporibus est sint ut aliquam voluptatibus enim.','2014-09-24 09:36:51','2020-05-16 04:15:45'),(55,'Beatae maiores error voluptas et. In impedit numquam placeat ut sed. Qui molestiae accusantium id voluptatem nemo autem delectus. Deleniti sed necessitatibus aut omnis et.','2014-08-10 14:42:33','2016-10-24 08:23:06'),(56,'Maxime quo nihil laboriosam optio inventore adipisci. Voluptatem et ratione sed repellendus. Nihil odit aliquam libero voluptas ut velit.','2016-05-08 19:06:01','2013-12-08 11:49:55'),(57,'Dolorum quis repudiandae dolor ut eos. Saepe ipsam unde ut distinctio ea. Unde explicabo vel consequatur rerum aut omnis ab.','2019-01-18 11:04:48','2019-09-02 12:57:19'),(58,'Ut voluptas quia reprehenderit beatae. Molestiae in soluta eligendi eos. Cupiditate rerum quas consequatur non facilis ullam. Vitae dolores debitis culpa quam facere.','2016-01-14 22:17:59','2016-09-25 19:53:06'),(59,'Exercitationem sit illum odio. Eius numquam non ut maxime vel error in iusto. Et et rem ipsum rerum.','2018-08-02 15:18:01','2018-02-04 02:17:41'),(60,'Quos architecto alias aut consequatur. Sint est velit voluptatem quo non quis autem velit. Ducimus pariatur cumque sed omnis accusantium fugit qui natus. Vel ipsam similique qui.','2011-03-04 13:19:05','2013-12-01 04:12:40'),(61,'Autem quia amet quae. Molestias illum soluta voluptatibus corrupti ipsum facilis adipisci. Aut minima at deserunt harum voluptatem voluptatem minus.','2017-08-06 09:03:31','2020-04-04 07:18:16'),(62,'Ut repellat officiis aut quia sapiente accusantium soluta. Maxime magnam quisquam quam porro. Et laboriosam rerum unde laboriosam.','2015-06-12 07:13:07','2015-11-06 09:03:06'),(63,'Ut reprehenderit totam consectetur numquam. Consequuntur laudantium totam maiores ut.','2020-03-23 15:28:38','2017-07-25 22:32:25'),(64,'Pariatur iure voluptatem maiores et reiciendis vero doloremque. Ut quo et totam molestias illo veniam. Repellat quo reprehenderit minima.','2020-04-01 23:46:42','2015-12-05 15:05:01'),(65,'Molestiae et aperiam aut est maiores. Voluptatem repellendus aut magnam sed illo autem iure. Suscipit eum sequi voluptatibus corrupti. Vitae nihil quia reprehenderit similique ipsam voluptatibus.','2013-09-24 15:31:12','2010-12-15 06:24:48'),(66,'Qui harum debitis nesciunt illum rerum expedita omnis qui. Consequatur unde ea praesentium dolore et quia maxime. Non odit aut tenetur possimus illo qui.','2015-09-16 04:41:45','2012-12-24 07:03:18'),(67,'Rerum voluptas dolorem dignissimos dicta dolor non. Est quasi praesentium est in aut dolores iure sint. Impedit harum rerum sed et. Ea qui est iure aperiam.','2018-07-02 13:22:54','2013-05-10 12:46:06'),(68,'Quia repudiandae sapiente qui necessitatibus. Et tenetur quo veritatis debitis.','2020-07-09 02:38:44','2017-11-21 23:16:16'),(69,'Provident veniam voluptatem delectus sed odio quia tempora molestias. Doloribus in veniam nihil ullam iure. Deleniti autem quis numquam dolorem laborum beatae laudantium. Quis sed sit optio dolorum.','2011-11-26 16:29:42','2013-06-09 22:22:49'),(70,'Delectus quia minima numquam quia. Dolorum necessitatibus perferendis voluptas rerum vero excepturi. Ut ut nam aliquid et.','2020-10-21 02:04:10','2012-03-31 05:13:10'),(71,'Laboriosam a omnis accusamus. Quas laudantium voluptatem blanditiis. Beatae eaque corrupti dolore et id sit ut.\nEaque numquam qui accusamus facilis. Et reprehenderit delectus enim sit.','2011-03-19 04:40:20','2018-12-30 00:05:23'),(72,'Officiis fuga incidunt quo reiciendis et sint dolore. Exercitationem qui non porro pariatur veniam.','2011-03-14 17:47:24','2018-07-15 00:04:19'),(73,'Ea quia sed mollitia assumenda deleniti sit. Soluta suscipit placeat vel tempore quia praesentium. Ipsum aliquid natus dolores quisquam ea vero corporis id.','2016-06-05 11:31:20','2012-12-28 19:48:54'),(74,'Enim nam hic amet ducimus. Molestiae fugiat ullam vero corporis. Debitis culpa sunt soluta dicta. Soluta quaerat et non eligendi sequi qui hic.','2014-04-25 08:24:05','2020-08-16 14:49:09'),(75,'Facere autem molestias numquam nemo rerum. Veniam quasi quibusdam est vel alias reiciendis. Nihil autem nesciunt praesentium sit et ut. Quis nihil suscipit provident ea.','2018-10-04 09:50:18','2016-08-07 11:01:45'),(76,'Voluptate dolorem deleniti blanditiis aut. Qui temporibus cum accusantium expedita. Eveniet quis tempore porro autem unde. Veniam et quia voluptatem esse necessitatibus voluptatem ad.','2013-09-01 12:11:34','2016-09-14 15:04:39'),(77,'Occaecati dolores esse aperiam perferendis sapiente tempore aliquam eveniet. Ullam distinctio harum molestias maxime. Quia impedit maxime aut in est debitis.','2011-02-03 16:24:00','2018-12-05 06:50:14'),(78,'Cum alias nesciunt ipsam dolore nihil et. Occaecati suscipit mollitia non eaque voluptates. Impedit iste quo rerum quo. Possimus vitae ut et numquam quia labore et.','2011-03-22 15:34:55','2016-11-10 22:55:01'),(79,'Molestiae rerum vero nesciunt aut delectus. Assumenda natus distinctio voluptas rem ullam. Sunt iusto eos inventore. Est et sunt suscipit aut illo.','2012-08-16 02:33:55','2017-11-28 08:32:13'),(80,'Itaque praesentium omnis soluta sequi qui. Eaque aut qui error voluptatum dignissimos.\nBeatae architecto quia repellendus non dolores. Nam nam soluta aspernatur. Et quia dolor perferendis.','2017-11-11 17:11:22','2014-04-13 05:38:51'),(81,'Et dolor sit mollitia a atque et. Et sed qui adipisci fugit aut. Modi dolorum reprehenderit asperiores.','2014-05-28 16:50:46','2011-03-28 17:42:21'),(82,'Sunt aliquid quis quod asperiores. Excepturi quaerat fuga natus architecto molestiae. Ab nulla et aspernatur ut laudantium voluptates et.','2013-12-13 00:53:23','2017-04-09 17:14:06'),(83,'Et deserunt maiores omnis sint perferendis nihil. Et enim aperiam voluptas aut sapiente. Est ipsam laborum vitae autem ex numquam animi libero. Dolores eum et placeat sint maiores omnis.','2015-12-23 14:23:30','2016-02-13 07:58:56'),(84,'Recusandae et sint velit. Sed ut impedit dolor. Est quasi sint repudiandae et. Soluta ipsam accusamus ipsam distinctio.','2013-10-05 17:31:13','2017-01-28 11:38:38'),(85,'Quam numquam nam culpa natus eveniet quo. Dignissimos repellendus cumque non molestiae voluptas aperiam.\nDicta repellat animi nemo voluptates. Eum repellat molestiae a aut laborum natus mollitia.','2013-12-27 07:14:49','2015-08-10 03:39:04'),(86,'Impedit et distinctio optio et consectetur. Mollitia aut et veniam deserunt. Numquam dignissimos ab et et. Enim sequi est natus explicabo voluptas.','2019-01-08 14:54:02','2014-06-23 21:03:16'),(87,'Harum voluptatum provident rerum et rerum minus. Ad ab veniam dolores tempore.','2016-10-20 09:05:28','2010-12-18 03:29:30'),(88,'Est sed totam excepturi quae quibusdam. Minus cum incidunt dolores veritatis consequuntur excepturi unde. At et magni rerum quidem unde odio.','2020-06-14 02:56:13','2019-01-20 14:04:59'),(89,'Qui qui maiores qui mollitia. Quae cum cupiditate molestiae quia fugit possimus. Laborum corrupti inventore a aut. Laborum et libero sed adipisci.','2013-09-02 21:13:03','2012-07-27 18:56:18'),(90,'Quo corporis voluptatem earum dignissimos. Sint dolorum quos omnis voluptas et.','2013-12-22 21:09:16','2015-09-18 21:43:58'),(91,'Et odit aspernatur quia quo. Qui numquam consequuntur quisquam ex. Tempora enim ut nihil et ab et. Corrupti quia officiis ut quisquam ipsum qui est.','2012-09-14 06:37:19','2016-05-24 21:18:30'),(92,'Enim deleniti iusto id dolores. Doloribus pariatur corrupti consequatur ducimus dolorem enim vero ea. Aut ipsum qui sit dolore libero aliquam.','2013-09-24 03:24:38','2016-09-22 08:17:10'),(93,'Quod non qui recusandae. Quaerat rerum tenetur fugiat sit libero atque. Non et ad laborum. Neque aspernatur quia assumenda. Aut ipsam aut minus perferendis ut ea reprehenderit.','2012-01-08 02:00:31','2011-08-06 07:39:57'),(94,'Et dolorem velit animi culpa. Reprehenderit rerum est aut sit eaque corrupti aut aperiam. Autem labore recusandae eos ex ut laboriosam ut.','2012-07-26 12:53:06','2015-12-11 10:03:02'),(95,'Nulla pariatur culpa nihil error quam inventore. Autem dignissimos aut eius modi nemo atque praesentium. Laboriosam ut ipsa minima neque itaque rerum. Doloremque placeat omnis quia aperiam.','2013-03-24 11:50:02','2018-04-11 01:40:20'),(96,'Porro at quis quae id eos repellat. Ut vero accusamus et harum est. Praesentium ratione ad quisquam aut.','2012-04-05 12:37:14','2013-08-20 12:15:04'),(97,'Quasi est nulla impedit id mollitia adipisci eos. Quia ullam numquam delectus excepturi expedita veritatis. Doloribus quaerat porro tempore odit. Et earum sint culpa sunt explicabo quis.','2012-09-14 04:28:19','2014-12-02 05:10:22'),(98,'Consequatur enim omnis dolorem veritatis veritatis. Animi sed aut sint aut optio repellat.','2019-07-28 08:43:58','2012-08-20 02:44:05'),(99,'Eos nesciunt molestias soluta totam. Perspiciatis sequi qui et numquam aut. Ut ut quasi est dolorem eos. Et ipsum quam vero voluptatem ut voluptatem.','2012-01-28 22:42:46','2019-07-28 21:57:32'),(100,'Deserunt rerum fugit odio voluptate. Voluptas recusandae quae est accusantium. Sed ex qui asperiores nemo.','2016-12-26 08:29:44','2013-08-29 05:00:01');
/*!40000 ALTER TABLE `media_types` ENABLE KEYS */;
UNLOCK TABLES;

--
-- Table structure for table `messages`
--

DROP TABLE IF EXISTS `messages`;
/*!40101 SET @saved_cs_client     = @@character_set_client */;
/*!50503 SET character_set_client = utf8mb4 */;
CREATE TABLE `messages` (
  `id` int unsigned NOT NULL AUTO_INCREMENT COMMENT 'Идентификатор строки',
  `from_user_id` int unsigned NOT NULL COMMENT 'Ссылка на отправителя сообщения',
  `to_user_id` int unsigned NOT NULL COMMENT 'Ссылка на получателя сообщения',
  `body` text CHARACTER SET utf8 COLLATE utf8_unicode_ci NOT NULL COMMENT 'Текст сообщения',
  `is_important` tinyint(1) DEFAULT NULL COMMENT 'Признак важности',
  `is_delivered` tinyint(1) DEFAULT NULL COMMENT 'Признак доставки',
  `created_at` datetime DEFAULT CURRENT_TIMESTAMP COMMENT 'Время создания строки',
  PRIMARY KEY (`id`)
) ENGINE=InnoDB AUTO_INCREMENT=101 DEFAULT CHARSET=utf8 COLLATE=utf8_unicode_ci COMMENT='Сообщения';
/*!40101 SET character_set_client = @saved_cs_client */;

--
-- Dumping data for table `messages`
--

LOCK TABLES `messages` WRITE;
/*!40000 ALTER TABLE `messages` DISABLE KEYS */;
INSERT INTO `messages` VALUES (1,38,74,'Et deserunt quaerat rem voluptas. Hic sint voluptatem expedita ullam quia velit. Dolores quaerat magnam et vero.',1,0,'2009-07-11 21:09:25'),(2,89,46,'Voluptatibus tenetur veritatis in et consequuntur possimus vel ut. Maiores explicabo amet non nulla non. Libero eum cumque voluptate et totam quasi delectus.',1,0,'1985-11-13 16:21:15'),(3,3,11,'Amet optio voluptas aut sit iure. Iusto consequatur et sit inventore culpa.',0,0,'1970-08-07 18:11:07'),(4,78,39,'Ea temporibus sed maiores eos illo. Numquam impedit ea corrupti quisquam aspernatur. Sint ipsum dolorem porro distinctio dolores et odio. Eum rerum et possimus sit cupiditate ea.',1,1,'1993-02-15 05:29:32'),(5,84,61,'Velit accusamus quia et ex autem. Sunt omnis perspiciatis et qui. Ut cumque enim laboriosam veniam.',1,0,'2012-05-15 03:40:24'),(6,75,97,'Ducimus illum maxime modi non eius quas. Sequi sit est veniam voluptas repellendus. Dolorum odit sint velit labore ea. Praesentium aut amet perferendis libero.',1,1,'1972-04-26 07:02:10'),(7,44,73,'Labore id consequuntur sit provident. Laborum suscipit vel autem necessitatibus.',0,1,'1998-05-04 05:13:52'),(8,62,54,'Consequatur odit aut magni nihil vitae. Dolores consequatur fugiat veniam. Ut rerum reprehenderit minima eius vero laboriosam magni.',1,0,'2000-04-27 17:15:38'),(9,86,42,'Ut praesentium enim explicabo quas. Magnam earum cumque consequatur dolorem ut perferendis animi. Et necessitatibus ea ullam quidem architecto. Ad occaecati sunt ab modi aut facere inventore.',0,1,'1997-11-27 15:22:18'),(10,100,86,'A totam quas occaecati deserunt corrupti ex aliquid. Non et quas inventore omnis occaecati laborum ut ut. Vero sed quo doloremque distinctio. Maiores et soluta sit eum tenetur provident minus explicabo.',0,1,'1979-12-23 17:16:19'),(11,51,62,'Distinctio nulla expedita eius sint est quod. Eos asperiores sapiente omnis ipsum ut. Est consequatur iusto quaerat voluptatem adipisci cupiditate. Qui qui nihil similique enim voluptate voluptatum blanditiis.',0,0,'1972-10-22 16:52:21'),(12,38,87,'Quia autem porro excepturi ex quia tempora consequatur. Consequatur voluptatibus labore ducimus doloribus. Sit nihil qui incidunt dolorem eveniet. Sed non rerum quod modi nihil.',0,1,'1984-12-18 01:35:10'),(13,37,28,'Sit suscipit et voluptas exercitationem. Et ullam quia ratione mollitia officiis asperiores soluta. Rerum earum laboriosam velit fugiat temporibus saepe.',1,1,'1990-05-20 13:57:07'),(14,51,23,'Quo sint repellat et adipisci nobis. Eligendi officia ad dolorem et natus magnam vel. Voluptate dicta non consequuntur molestiae et placeat ad. Tempore aut et ex nemo voluptatum nobis sed.',1,1,'1993-04-27 17:39:19'),(15,46,59,'Voluptatem repellat aut velit ut incidunt quo sint. Labore est a molestiae. Aliquid sit sed voluptas fuga rerum. Vel voluptas rerum id assumenda dolorem tempore.',0,1,'2008-11-04 16:22:55'),(16,3,83,'Aspernatur iure ut fuga earum sit quaerat quia. Velit et harum cumque provident. Expedita sequi maxime ipsum repellat nihil repellendus. Molestiae qui asperiores nobis aut. Cumque quas nam nobis et doloribus sed dolorem aut.',1,1,'1974-11-07 22:06:10'),(17,32,91,'Beatae commodi sint rerum sit voluptates adipisci reprehenderit. Voluptas nobis illum voluptatem repellendus eum. Corporis aut est aut architecto est natus sint. Modi et quia repudiandae ipsam.',1,0,'1970-09-29 06:36:31'),(18,28,34,'Repellendus dolore voluptas voluptatem. In minus totam ut esse unde odio voluptatem. Nemo optio iste voluptas nemo consequatur libero voluptatem. Voluptate dignissimos magni molestiae ea.',0,1,'1971-01-11 12:18:22'),(19,1,5,'Quos beatae rem sapiente et aut enim. Temporibus quas voluptas officiis sapiente. Soluta atque optio ipsa perspiciatis repellat commodi. Iure libero magni pariatur voluptas. Quia dicta voluptas corporis et laudantium quidem et dolorem.',0,1,'1974-11-11 19:17:02'),(20,73,84,'Doloremque ut unde incidunt incidunt dolor nesciunt. Velit quo dolores enim occaecati quia voluptatem. Autem animi perspiciatis veritatis eaque et similique id. Nesciunt blanditiis minus assumenda voluptas qui.',1,1,'2001-04-25 09:38:34'),(21,65,47,'Et et earum asperiores voluptatem et porro. Suscipit quia provident placeat voluptatem. Ab recusandae laboriosam distinctio consequatur repellendus qui. Harum architecto repellat minus nobis voluptatem ea hic.',1,0,'1986-05-26 06:13:14'),(22,81,9,'Nihil aspernatur reiciendis atque occaecati voluptatem eos. Ipsam laborum voluptatibus repellat. Officiis maiores molestiae ex sit cum. Consequatur molestias quidem aut eaque laboriosam. Porro sint vitae itaque.',0,0,'1990-07-04 07:06:21'),(23,19,42,'Aliquam qui recusandae asperiores rerum voluptatem. Suscipit quia voluptatem deleniti sit. Et molestiae eum non eum nesciunt velit vel officiis.',0,1,'1990-03-02 08:31:51'),(24,62,5,'Minima non molestiae nihil. Delectus cupiditate voluptas repellendus deleniti laboriosam. Ea tenetur ex culpa qui.',0,1,'1990-05-06 03:16:19'),(25,83,61,'Sed provident id facilis ducimus magni esse mollitia animi. Consequatur ipsum sed voluptatem magni quod. Nihil repellat ipsam aut voluptatem. Eaque et neque dolorum dolores voluptatem.',1,1,'1976-09-27 09:42:50'),(26,91,34,'Omnis voluptatibus qui ut veritatis quia illum. Omnis consequuntur sint maxime consequatur veritatis. Nemo nostrum ratione adipisci non impedit. Vel quo veniam accusamus repellat quaerat. Sit sint optio beatae et sit harum laboriosam.',0,0,'1982-12-29 18:20:02'),(27,23,28,'Illo cupiditate voluptatem vitae voluptatem nemo minima occaecati. Officia fugiat dolorem explicabo.',1,0,'2002-12-24 21:37:33'),(28,20,60,'Consequuntur quia vitae dolorem. Cumque alias eveniet expedita recusandae. Aut exercitationem ex repudiandae ipsum earum voluptas. Praesentium quia id delectus reiciendis quia eos.',1,0,'2000-03-19 13:43:24'),(29,55,71,'Autem fugiat quidem corrupti hic dolores et ea. Porro laboriosam aliquam assumenda voluptatem quia. Asperiores perspiciatis ab assumenda neque non. Aliquam pariatur impedit in vero delectus non.',0,1,'1972-03-06 08:07:33'),(30,83,100,'Culpa qui et possimus mollitia fugit rerum aspernatur. Dolorum facilis veniam amet illo. Est voluptates dolores consequuntur laboriosam aut nemo laudantium.',1,1,'2008-01-25 09:02:00'),(31,29,85,'Quis animi ut et velit quo. Dolor expedita ullam suscipit non molestiae. Ea eligendi aperiam quae odio.',1,0,'1985-06-08 08:25:33'),(32,83,60,'Autem et aut modi ratione enim dignissimos. Saepe vitae quibusdam blanditiis sed numquam odit nobis. Aperiam pariatur a accusantium minima aut blanditiis.',1,0,'2008-10-14 05:54:34'),(33,75,11,'Dolore non voluptatem quam enim mollitia error illum. Similique impedit est iusto eveniet voluptas blanditiis. Sed quos ut quis est optio. In nihil et dolor sit perferendis earum eveniet. Voluptas distinctio alias nam est enim est repellat qui.',0,1,'2017-07-18 05:31:47'),(34,94,75,'Rerum quasi fugiat deserunt totam. Delectus qui rerum vitae deserunt cupiditate enim vero. Autem incidunt ea velit laboriosam maiores eos. In sit quae exercitationem ipsam.',1,0,'1995-01-29 19:39:06'),(35,16,66,'Enim qui molestiae non nihil. Quasi nihil pariatur adipisci sequi animi repellendus aspernatur. Iure nulla illum ullam inventore accusantium nisi illum culpa. Tempora aut mollitia quas architecto est sunt reiciendis quod. Optio dolorum et alias et aut omnis.',0,1,'1979-11-26 14:30:50'),(36,58,81,'Et debitis quod aut harum modi dolorem. Repudiandae quibusdam recusandae unde molestias occaecati minima debitis voluptas. Mollitia aliquid architecto quia quam.',0,1,'1998-04-02 07:27:44'),(37,13,38,'Quia incidunt reprehenderit aspernatur debitis. Deleniti et repellat eligendi voluptatem iste corporis. Quia harum dolor quis repellat iusto eum vel dolorem. Voluptatibus consequatur quia qui similique sed quia et.',1,0,'1985-06-06 17:27:27'),(38,89,32,'Quod praesentium saepe fugiat qui. Nostrum ducimus non quis sapiente nemo earum. Laboriosam cum non velit eos asperiores eos quo.',1,1,'1989-09-06 12:26:03'),(39,80,50,'Non sed delectus cumque rem eligendi. Consectetur quo et dolor et odio sit. Voluptates error earum minima impedit commodi ea.',0,0,'2014-11-06 05:41:37'),(40,37,62,'Aut natus officiis exercitationem qui ab accusantium. Non aut molestias et eveniet quas at quia. Rem et tempora ea aliquid temporibus saepe officiis. Ea qui quia dignissimos omnis in facilis.',0,1,'1985-06-19 13:24:01'),(41,11,27,'Aut architecto et eveniet quo sunt dolorem et. Enim excepturi tempore accusamus aut dignissimos tempore. Rerum neque veniam non magnam illum.',0,1,'1991-03-06 20:34:05'),(42,95,33,'Perspiciatis similique non quod doloribus voluptatum iusto. Aut id incidunt eaque blanditiis iusto excepturi.',0,1,'2017-05-22 07:29:46'),(43,55,15,'Asperiores perspiciatis tempore est voluptatem. Quam labore atque voluptatem perspiciatis tempore. Ut necessitatibus omnis in. Repudiandae ducimus magnam cumque non.',0,1,'2011-05-28 18:27:17'),(44,92,9,'Labore ut consequatur qui vel. Amet facilis inventore aut asperiores distinctio molestias quam. Soluta voluptate incidunt dolorum ad eum aliquid. Vel reprehenderit sequi quis amet.',0,0,'1985-09-25 12:04:00'),(45,85,74,'Et similique consequatur explicabo in. Pariatur itaque iusto dignissimos doloremque et qui dolor eum.',0,0,'2002-03-02 02:32:19'),(46,9,14,'Ut magni quas dignissimos est sit. Voluptatem minima quia nihil eveniet. Amet nam velit odit in similique voluptatem dolor.',0,1,'1981-06-21 15:46:32'),(47,58,92,'Et ut ea alias iste minima. Quasi qui debitis delectus odio reprehenderit ea alias minus. Animi laboriosam sed dolor sed numquam quam. Soluta at odio nulla doloribus omnis.',1,1,'1983-09-14 15:18:40'),(48,73,32,'Neque non sed officia dolore optio sequi. Aspernatur et odio velit ullam necessitatibus neque. Magnam quia ut ut et qui eaque quo veniam.',1,1,'2004-05-23 12:37:06'),(49,2,67,'Rerum consequatur et minus eos nisi fugit eos. Ad non sit eveniet beatae odit ea soluta iste. Illo non et earum distinctio incidunt. Perspiciatis quae perspiciatis est optio nihil similique doloribus.',0,1,'2014-06-16 16:39:04'),(50,7,17,'Cupiditate alias aperiam accusantium officiis vel ducimus aperiam iste. Voluptas dolore velit eum odit nihil neque ea aut. Voluptatibus rerum maxime quis fugit quia rem. Vel consectetur officia voluptas sed nihil a.',0,1,'2015-10-05 00:57:50'),(51,33,64,'Quisquam tempore nobis iure labore omnis provident quia praesentium. Quod aut dolor autem voluptatem quisquam eveniet et. Officiis quidem occaecati iste assumenda. Explicabo corrupti ea nobis.',0,1,'2007-03-02 14:58:25'),(52,97,46,'Nesciunt necessitatibus odit pariatur expedita ipsum odio rerum. Neque neque neque debitis quam earum. Sunt aut voluptate facere numquam assumenda nam.',0,1,'2006-01-15 20:13:29'),(53,2,86,'Aliquid rerum amet voluptatem. Nam voluptas porro asperiores ut ut optio corporis quis. Est in corrupti sed occaecati odio eos reprehenderit. Quidem consequatur quo error dolor pariatur qui quisquam.',1,0,'2010-06-20 10:39:08'),(54,77,81,'Vel blanditiis quam unde. Nisi officia dolores vitae esse. Sunt facilis repellendus rerum sit sapiente tempore. Voluptas velit accusamus illum sint.',0,1,'1974-11-18 20:47:16'),(55,35,13,'Excepturi eum provident suscipit libero eius. Maxime modi dignissimos quis.',1,1,'2014-06-01 21:09:26'),(56,42,45,'Sapiente impedit nisi repellat voluptate labore error ipsum. Dolores rem non nam est qui aliquid sit. Accusamus accusantium et sit voluptatem nobis fuga excepturi.',1,0,'1984-05-31 03:20:40'),(57,40,37,'Architecto et placeat animi non nihil non veniam distinctio. Eligendi explicabo culpa quasi. Nihil corrupti impedit adipisci.',1,1,'2017-11-04 08:27:51'),(58,78,94,'Et eius itaque eos molestias. Eos quas quasi qui numquam molestias suscipit harum. Cum deleniti sit labore sit qui voluptatem. Delectus ad recusandae dolores vero deserunt.',1,1,'1987-11-25 14:11:44'),(59,51,70,'Minima sunt quibusdam id laudantium. Vero quidem accusamus praesentium voluptatem. Et voluptate iusto eius labore repellat. Et quos ut dolores temporibus qui autem.',0,1,'2004-11-01 09:32:52'),(60,3,36,'Aperiam aperiam voluptate consequatur dolorem quis omnis. Animi veniam qui distinctio quo repellat aliquid doloribus. Vero esse omnis nulla sint quas.',1,1,'2003-05-22 14:00:18'),(61,43,12,'Autem dolorum non nobis fuga nulla. Sed cupiditate animi quia. Iste itaque sed rem sed consequatur mollitia. Vel explicabo delectus suscipit labore.',1,0,'2010-04-20 20:00:45'),(62,49,1,'Provident neque veritatis perspiciatis aspernatur in dicta. Magnam ipsam id fugit quis fugiat a saepe. Molestiae eaque quo est neque vel. Quibusdam mollitia debitis voluptatem adipisci sit.',1,1,'1970-11-05 09:55:33'),(63,4,22,'Voluptas facilis magnam autem enim non qui sunt. Dolores cupiditate libero aut aliquam et neque quasi et. Sed omnis facilis et vitae repudiandae corrupti. Saepe iusto magni suscipit beatae. Magnam commodi aut explicabo vel ea.',1,1,'1981-10-08 22:12:18'),(64,33,5,'Quas vero eveniet aut qui dolores totam eveniet labore. Aut voluptatum est est cumque minus animi incidunt. Quae quae minus in ab.',0,1,'2012-09-24 03:55:02'),(65,89,39,'Et atque corporis nihil explicabo dolorum. Et quia ea a aut laborum magni corrupti. Sunt repudiandae illum aspernatur ad temporibus nisi delectus.',1,0,'1981-08-17 10:19:33'),(66,22,22,'Ipsa ut ut veritatis tempora et velit nostrum. Consequatur iusto reprehenderit occaecati repellendus fugiat. Reiciendis eos quaerat non fugiat omnis labore ut.',0,1,'1980-01-28 23:45:38'),(67,3,19,'Placeat odit ipsa explicabo occaecati atque architecto. Repellat ipsum reiciendis non qui dolorem ea.',0,1,'1993-06-18 08:54:17'),(68,67,4,'Quo soluta est deleniti et exercitationem perferendis necessitatibus. Perferendis possimus deserunt fuga quia ipsa nesciunt nulla. Voluptatem pariatur rerum repellat placeat corrupti exercitationem. Aspernatur ullam veritatis quae sit qui.',1,0,'2000-12-11 03:12:12'),(69,4,44,'Consequuntur nihil pariatur dolores illo sapiente. Quam sapiente autem ut pariatur aliquam voluptates eum et. Assumenda necessitatibus sit facere quasi et sequi aut. Ex nulla praesentium velit dolorem exercitationem assumenda.',1,1,'2013-07-20 17:58:58'),(70,85,39,'Omnis dicta sed id incidunt. Quia nostrum id error et impedit. Doloribus et velit natus maxime consequatur. Corporis veniam voluptates voluptatum pariatur facilis qui.',0,1,'2004-01-25 05:15:13'),(71,56,27,'Soluta quasi in delectus est nam iusto. Voluptatem at ut error cupiditate perferendis ut. Provident quia cupiditate asperiores maxime itaque. Rerum id vero omnis molestias aliquid temporibus.',1,0,'1994-11-27 03:14:32'),(72,84,96,'Sed quas sequi esse explicabo quia expedita sint. Voluptas rerum eaque quas pariatur officia doloremque quasi. Nisi deserunt molestiae quod autem. Adipisci deserunt in nemo consequuntur dolore ad.',1,0,'2006-10-17 10:54:28'),(73,63,62,'Debitis facere nobis eos quisquam. Quia nemo odio eos laborum. Ex omnis commodi eaque excepturi pariatur sed facere.',1,1,'1982-11-16 05:16:35'),(74,89,14,'Dolorem quod consequatur aperiam unde quos quibusdam. Autem in nihil aspernatur eum eaque eum voluptatem. Placeat nisi et in ut sunt in cumque. Ratione ducimus ut ut rerum.',0,1,'1994-06-25 22:27:07'),(75,31,92,'Est iure dolores sunt dolor neque. A eaque nihil cum. Officiis officiis quis dolorum amet repellendus.',0,1,'1970-03-20 20:25:06'),(76,50,74,'Beatae suscipit est quis enim molestiae velit. Eum laborum reiciendis voluptas illo voluptate recusandae. Et nisi dignissimos et dolorum voluptatem optio repellat consequatur. Dignissimos voluptate incidunt cumque quo rerum ea.',1,0,'1986-07-18 23:13:39'),(77,4,98,'Incidunt aut porro modi reprehenderit ab sunt. Est quo eligendi rem quas at fuga illo. Optio dolores eos et totam est ab doloribus. Quam ut sit voluptatum reiciendis temporibus.',0,0,'1973-11-03 16:03:04'),(78,75,7,'Et illo corporis rem id necessitatibus. Animi vel explicabo et nihil et qui delectus. Illo sunt voluptatem illum. Error dolores ducimus nemo sit ut cupiditate voluptates. Incidunt temporibus aspernatur fuga distinctio aliquam dolorem fugit.',0,0,'1994-12-19 14:43:52'),(79,20,7,'Inventore molestiae ut consequatur est. Id rem vel veritatis rerum praesentium libero qui. Animi pariatur exercitationem molestiae dolores et eaque.',0,1,'1992-01-21 02:31:14'),(80,12,8,'Repellendus voluptates provident in repudiandae totam. Sed ut quaerat et dignissimos. Ea est illum impedit quis voluptas magni.',0,0,'2019-10-16 21:04:37'),(81,46,34,'Atque aut asperiores quos et officiis. Dignissimos quibusdam maxime nemo dolor dolor voluptatem et. Labore tempora voluptatibus quis et voluptatem ea vel.',1,0,'1991-09-05 07:28:13'),(82,30,49,'Dicta explicabo molestiae et aut et suscipit quos. Molestiae culpa laborum nulla ex. Nihil aut neque tempore in earum. Autem aut quos sed omnis doloribus.',1,1,'1974-06-17 10:06:29'),(83,52,96,'Ut sunt repellendus veritatis id. Voluptatibus adipisci quisquam enim sed omnis. Velit expedita ab ea et quos rem ex.',1,0,'1983-04-25 00:14:48'),(84,53,56,'Aut consequatur soluta est sapiente voluptas facere dicta. Ut ut et et pariatur dolores. Tenetur quae perferendis dolorem dicta aperiam.',1,1,'1987-12-05 10:31:51'),(85,39,37,'Ea quasi perspiciatis ratione id placeat non itaque. Et est molestiae sit. Enim incidunt aliquam veniam ducimus aperiam.',1,1,'2013-04-06 20:08:31'),(86,95,95,'Dignissimos iusto rerum sit eveniet recusandae sunt rem saepe. Consequatur illum autem quasi eveniet eius quia. Nisi laudantium temporibus blanditiis dolor architecto et.',0,1,'1991-09-04 08:47:00'),(87,63,78,'Consequatur modi doloribus laudantium illo fugit. Consectetur quia illo rerum assumenda recusandae et. Nisi assumenda officia non sint dolores placeat atque. Tempora rem a repellat aspernatur dolores atque.',0,1,'1985-07-31 02:23:08'),(88,90,26,'Ut sit consequuntur natus aut est. Non quia quia esse deleniti aperiam aut. Dignissimos est sint cupiditate ex unde.',0,0,'1995-02-22 05:11:14'),(89,40,79,'Dolor quibusdam quasi modi sunt corrupti fugit. Similique sunt accusamus esse eos ea nesciunt. Assumenda iusto omnis ad repellendus.',0,0,'1991-11-03 14:57:01'),(90,40,70,'Sequi non quibusdam consequatur quia voluptatem. Debitis voluptate suscipit consequatur qui cum eaque. Ad cupiditate quasi laborum voluptas possimus autem fugiat.',0,1,'1979-06-05 14:46:41'),(91,71,89,'Voluptas tempore voluptas provident fuga corrupti. Ex ut quod iusto nihil ratione ad. Aut aut voluptatibus vitae aut incidunt.',1,1,'1999-12-29 00:38:47'),(92,43,74,'Voluptas facere voluptatem vero numquam et assumenda autem. Cumque repudiandae sit eligendi. Ipsa nemo numquam corrupti consequatur fugit. Aperiam suscipit saepe facilis. Aut ut autem nesciunt ut.',1,1,'1992-10-28 09:02:46'),(93,87,17,'Expedita debitis expedita aut. Rerum ad autem impedit similique sequi. Ducimus ipsa consequatur alias asperiores qui id.',0,1,'1995-05-19 03:54:54'),(94,81,7,'Provident quaerat voluptates doloremque eius et. Nam et quibusdam autem omnis. Officiis sit eius qui nisi delectus praesentium aliquid. Officiis numquam doloribus impedit fuga sint unde est et.',1,0,'2019-12-31 12:52:49'),(95,24,92,'Dolor repellat enim fugit porro aut vel aut. Ipsa vel soluta illo minus inventore quia alias. Aut in omnis est. Sed qui aut doloribus corrupti in maxime.',1,0,'1975-08-04 09:19:17'),(96,15,70,'Corrupti repellat voluptatem laboriosam ipsa quas. Aut consequuntur soluta eveniet vel. Id id occaecati qui quod. Doloribus magnam aut provident dolore. Error saepe distinctio quidem aut eligendi molestiae.',0,1,'1971-03-16 05:16:57'),(97,25,44,'Sit voluptas eligendi enim id nostrum et aliquid voluptatem. Sit id ratione voluptates esse aut sunt. Voluptas quos ratione in modi.',0,0,'2001-10-12 12:17:28'),(98,19,77,'Illo suscipit nam aut rem sequi architecto. Voluptatem est incidunt et ut. Qui quasi aut quo et praesentium in quam. Et officia repellendus mollitia consequuntur voluptatem.',1,0,'1991-10-05 04:30:17'),(99,40,71,'Et est placeat consequuntur minima culpa. Excepturi iusto omnis voluptatem vero perspiciatis quasi ab delectus. Officia delectus qui assumenda veritatis. Est eos occaecati doloremque cumque molestiae.',0,0,'1992-07-01 11:09:35'),(100,33,78,'Magni omnis non aut ut ipsum dignissimos voluptates. Doloribus sint ut omnis in laborum. Autem qui dicta eius sint ab maiores omnis. Aut aut voluptatem quia et omnis voluptatem.',1,0,'2010-05-02 20:39:47');
/*!40000 ALTER TABLE `messages` ENABLE KEYS */;
UNLOCK TABLES;

--
-- Table structure for table `profiles`
--

DROP TABLE IF EXISTS `profiles`;
/*!40101 SET @saved_cs_client     = @@character_set_client */;
/*!50503 SET character_set_client = utf8mb4 */;
CREATE TABLE `profiles` (
  `user_id` int unsigned NOT NULL COMMENT 'Ссылка на пользователя',
  `gender` char(1) CHARACTER SET utf8 COLLATE utf8_unicode_ci NOT NULL COMMENT 'Пол',
  `birthday` date DEFAULT NULL COMMENT 'Дата рождения',
  `city` varchar(130) CHARACTER SET utf8 COLLATE utf8_unicode_ci DEFAULT NULL COMMENT 'Город проживания',
  `country` varchar(130) CHARACTER SET utf8 COLLATE utf8_unicode_ci DEFAULT NULL COMMENT 'Страна проживания',
  `created_at` datetime DEFAULT CURRENT_TIMESTAMP COMMENT 'Время создания строки',
  `updated_at` datetime DEFAULT CURRENT_TIMESTAMP ON UPDATE CURRENT_TIMESTAMP COMMENT 'Время обновления строки',
  PRIMARY KEY (`user_id`)
) ENGINE=InnoDB DEFAULT CHARSET=utf8 COLLATE=utf8_unicode_ci COMMENT='Профили';
/*!40101 SET character_set_client = @saved_cs_client */;

--
-- Dumping data for table `profiles`
--

LOCK TABLES `profiles` WRITE;
/*!40000 ALTER TABLE `profiles` DISABLE KEYS */;
INSERT INTO `profiles` VALUES (1,'f','1970-05-16','Wunschborough','Guam','2001-06-17 10:52:24','1997-06-18 08:17:48'),(2,'f','1997-10-01','New Keshawn','Holy See (Vatican City State)','1996-07-02 12:26:17','1999-05-22 06:54:10'),(3,'f','2019-05-03','Port Lucinda','Brunei Darussalam','2000-03-03 17:10:39','2017-09-29 10:15:58'),(4,'f','1973-06-28','South Susanaside','Malta','2007-11-06 16:49:08','1987-01-27 02:58:16'),(5,'m','1978-01-18','Port Patience','Denmark','1990-12-29 06:55:43','2006-08-10 01:44:31'),(6,'f','2006-01-14','Shanahanview','Yemen','1994-03-07 10:35:33','1976-05-14 01:10:30'),(7,'f','1979-03-28','South Elena','Saint Kitts and Nevis','2020-09-17 01:36:21','2018-12-25 20:54:11'),(8,'f','1997-05-11','Mannburgh','Benin','1998-08-13 01:53:02','1970-07-09 03:03:59'),(9,'m','2017-06-29','Elbertmouth','French Southern Territories','2002-05-20 06:07:49','2012-05-11 21:14:58'),(10,'m','2001-03-26','New Estebanfort','Bangladesh','2006-07-29 15:44:35','1998-11-25 21:19:47'),(11,'f','2009-09-02','West Jayberg','French Polynesia','1987-09-13 15:41:26','2018-11-15 14:06:01'),(12,'m','2003-10-13','New Arianemouth','Yemen','2009-09-18 19:20:06','1999-10-29 01:11:57'),(13,'m','2013-10-31','Pearlside','Liberia','1997-09-19 05:12:28','2018-01-02 08:59:47'),(14,'m','2019-10-15','West Davon','Venezuela','2000-07-13 00:52:50','1995-04-18 10:42:42'),(15,'f','1982-08-14','Kossstad','Saint Martin','1973-03-28 06:09:05','2006-06-21 06:26:01'),(16,'m','2005-01-21','Daughertytown','Sweden','2013-07-05 23:39:20','1994-05-25 05:02:44'),(17,'f','1972-11-16','Hahnburgh','Azerbaijan','1993-09-23 18:26:42','2014-10-21 09:13:07'),(18,'m','1972-08-08','Margarettaport','Tuvalu','1999-08-07 13:07:49','2018-05-19 01:35:38'),(19,'m','2007-08-06','North Reaganhaven','Norway','2020-03-03 16:21:41','1994-03-11 14:54:16'),(20,'m','2013-05-27','Arnulfomouth','Botswana','1975-08-09 14:46:10','2018-01-04 21:31:56'),(21,'f','1999-08-27','Port Berryburgh','Chile','1973-05-11 07:47:09','2005-04-13 05:28:29'),(22,'m','1983-04-10','Starkburgh','India','2008-04-12 22:35:09','2019-11-26 01:50:03'),(23,'m','2012-11-01','New Mia','Ethiopia','2019-05-28 17:06:13','1977-05-01 23:19:18'),(24,'f','1985-06-19','Wilkinsonton','Bermuda','1994-07-08 07:15:55','1975-04-18 16:22:33'),(25,'m','1976-12-24','Lake Elody','Montenegro','2009-05-30 19:15:04','2018-02-11 22:05:49'),(26,'f','2003-06-16','Schadenhaven','Japan','2006-03-29 19:30:05','1998-12-19 23:53:09'),(27,'f','2014-05-19','Peterfort','Guernsey','2009-01-11 22:47:24','2013-02-06 09:02:03'),(28,'m','1970-08-28','Hyattchester','Spain','2007-12-27 03:21:33','1989-12-18 08:21:34'),(29,'f','1976-11-26','Elmirahaven','Ireland','1970-09-10 07:52:22','1992-04-05 12:13:25'),(30,'m','1998-04-11','Port Charleneside','Singapore','2010-07-07 02:15:51','1992-04-04 01:23:13'),(31,'m','1974-03-23','Millerburgh','Mongolia','1975-02-22 18:07:01','1983-06-05 06:38:45'),(32,'m','2017-05-22','New Merl','Central African Republic','2009-03-23 08:40:36','2011-08-28 00:13:26'),(33,'f','2006-07-25','Blickmouth','India','1975-10-29 09:06:52','2018-11-14 19:03:37'),(34,'m','1972-06-18','Veumbury','Hong Kong','1974-07-08 23:35:42','2014-04-08 02:30:11'),(35,'m','1983-01-21','Port Quinn','Nauru','2014-05-13 12:58:49','1985-12-02 21:02:10'),(36,'m','1991-04-24','Lake Mckayla','Canada','1972-02-10 01:13:38','1978-12-08 20:03:06'),(37,'m','1990-08-09','South Bradford','Latvia','1985-01-20 04:18:15','1984-03-14 22:57:42'),(38,'f','1981-04-25','New Kole','Turkey','1976-12-24 21:59:41','2000-05-09 03:39:03'),(39,'f','2006-04-21','Schroederstad','Somalia','1993-09-03 01:50:58','2004-11-26 16:06:35'),(40,'m','2001-09-20','Bernhardtown','Madagascar','1973-06-23 13:12:21','2015-05-18 02:12:58'),(41,'m','2006-06-20','West Queen','Uruguay','2008-02-24 19:13:14','1984-12-05 15:34:47'),(42,'f','2004-01-29','Sigmundton','Lesotho','2005-01-02 10:03:07','1987-01-23 13:22:04'),(43,'m','2009-07-17','Buckridgechester','Indonesia','2017-08-12 03:26:25','1975-09-18 03:07:27'),(44,'f','2020-06-01','West Hestertown','India','1990-03-04 21:44:36','1974-04-19 18:38:01'),(45,'f','1997-06-28','Berylstad','Indonesia','2020-09-15 00:35:05','1994-02-21 21:49:31'),(46,'f','2015-08-26','Carissastad','Martinique','2000-03-02 12:46:58','1991-06-07 05:27:58'),(47,'f','2002-10-28','D\'Amoreburgh','Lesotho','2015-01-18 02:38:42','2008-06-13 17:56:48'),(48,'m','2002-04-12','New Daphneymouth','Tuvalu','1978-07-22 11:37:46','2002-12-30 11:31:04'),(49,'m','2011-08-26','North Turnermouth','Algeria','1986-08-04 22:40:50','2012-07-06 04:44:48'),(50,'f','1989-10-16','Adrainland','United States Virgin Islands','1980-10-02 20:23:36','2005-12-17 03:20:07'),(51,'m','1994-07-19','Bonnieborough','Pitcairn Islands','2008-04-27 10:05:04','1994-08-15 18:04:43'),(52,'m','2000-08-10','New Gerson','Sao Tome and Principe','1989-05-04 00:01:37','1988-10-02 22:21:10'),(53,'f','1974-06-04','North Kathryne','Sudan','2008-02-18 18:03:03','2005-12-08 06:17:25'),(54,'m','1996-12-03','New Thelma','Montserrat','2020-04-05 22:38:04','1994-05-10 21:14:40'),(55,'f','1995-06-16','Lake Raina','Botswana','1985-07-29 15:38:37','2014-03-15 23:03:23'),(56,'m','1977-02-08','North Halfort','Peru','1976-06-10 10:51:36','1996-08-16 05:14:36'),(57,'m','2020-03-29','Port Quintonbury','Brazil','2020-04-26 13:06:04','1972-10-11 20:54:12'),(58,'f','1973-05-25','Mittieborough','Bouvet Island (Bouvetoya)','1992-08-22 11:05:40','1974-09-18 14:17:50'),(59,'f','1996-04-27','West Armani','Jordan','1980-09-16 22:17:16','1983-11-27 07:46:23'),(60,'f','1979-10-17','Port Tarynfort','Holy See (Vatican City State)','2002-07-31 02:24:41','2005-09-11 10:55:12'),(61,'m','1978-01-11','Quitzonhaven','Peru','2015-03-16 06:38:10','1999-10-09 14:38:44'),(62,'f','2005-11-11','New Estellaville','Liechtenstein','2019-01-15 18:01:11','1994-11-28 14:51:49'),(63,'f','1988-03-17','South Hester','Denmark','1981-03-20 15:59:00','2007-04-09 17:01:31'),(64,'m','2011-12-09','West Addiebury','Chad','1998-08-29 20:20:51','1973-09-18 22:17:02'),(65,'f','1988-10-05','Wiltonchester','China','1979-11-22 05:24:35','2010-10-28 05:02:40'),(66,'f','1985-01-10','Jakemouth','Mexico','1976-07-12 05:26:39','1988-08-08 23:35:34'),(67,'m','1984-07-03','West Deanna','Kenya','1990-11-27 09:57:07','1987-11-27 15:31:11'),(68,'f','1989-09-15','Port Dorothea','Iraq','1999-12-16 11:14:56','1984-10-02 17:58:32'),(69,'f','1975-03-12','South Monicatown','Comoros','2002-12-25 01:28:32','1995-09-03 20:12:42'),(70,'f','2008-02-14','Lake Mustafachester','Tunisia','2008-10-12 01:35:10','1994-09-29 14:19:14'),(71,'m','2020-03-12','East Uniquefurt','Ethiopia','2015-05-02 13:21:01','2011-11-25 15:32:58'),(72,'m','2020-02-14','Alysonstad','Lao People\'s Democratic Republic','1974-01-11 02:50:11','1983-05-16 22:40:11'),(73,'f','2009-11-26','Peggieland','Costa Rica','2001-12-28 07:10:55','2001-05-01 12:51:53'),(74,'m','2002-04-07','Stokesport','Namibia','2008-02-14 12:17:05','1974-04-09 08:49:17'),(75,'m','1998-04-14','Port Franciscoview','Azerbaijan','1998-01-09 04:20:55','2001-01-03 00:54:22'),(76,'m','1985-02-06','South Eva','Pakistan','1971-12-12 19:51:50','1979-05-14 10:18:17'),(77,'f','1996-07-24','Jaquelinemouth','Czech Republic','1974-03-13 08:59:18','1970-09-25 04:16:46'),(78,'m','1983-05-01','Emilioton','Uganda','1978-11-26 18:33:46','2013-06-22 22:18:36'),(79,'f','1972-08-21','Lefflerville','Bhutan','1973-09-22 19:02:49','1977-12-15 18:50:18'),(80,'m','2016-09-17','Kreigerburgh','Cyprus','2005-11-06 19:03:31','2001-09-17 21:33:49'),(81,'f','1974-05-10','West Brooklyn','Myanmar','1991-01-20 12:37:35','2012-09-10 06:27:03'),(82,'m','1978-10-28','North Precious','Germany','1974-05-01 12:42:06','2000-08-21 21:29:24'),(83,'m','1994-12-20','Grahamland','Guatemala','1998-03-29 13:20:34','2010-09-22 00:58:03'),(84,'f','2000-08-18','Gusikowskimouth','Tuvalu','1975-09-15 12:36:53','1992-04-03 15:46:04'),(85,'f','2020-09-15','North Lilianchester','Burkina Faso','1984-12-04 10:05:05','1985-03-08 08:42:28'),(86,'m','2017-09-18','Abbeyborough','Jersey','1971-06-28 03:06:35','2003-05-18 07:55:32'),(87,'m','2008-09-21','Wisozkhaven','Fiji','2018-04-01 13:37:08','2001-07-26 15:06:38'),(88,'m','1993-02-23','Kuphalmouth','Guinea','1985-11-28 15:54:24','1976-08-14 02:24:14'),(89,'m','1981-04-15','Bogisichton','Nigeria','2018-09-24 09:55:49','1977-12-07 23:48:40'),(90,'m','1994-09-05','South Alexane','Turkey','1971-09-25 18:20:10','2012-11-02 01:33:49'),(91,'m','1987-12-22','Jessycachester','Botswana','1977-05-12 14:33:39','1978-07-22 21:45:31'),(92,'m','1976-10-10','Ivahshire','Jordan','2017-10-21 13:20:13','1989-02-18 14:54:03'),(93,'m','1996-10-21','Agneshaven','Iceland','1995-10-15 03:37:54','1979-10-30 01:42:23'),(94,'m','2002-06-16','Lake Gaetanoton','Greece','1999-08-26 13:34:22','1972-05-04 06:57:24'),(95,'m','2011-07-24','Lake Floberg','Pakistan','2004-08-25 08:30:55','2000-07-07 14:49:40'),(96,'f','2018-02-03','Dejahborough','Spain','1986-12-02 10:23:51','2010-05-26 18:33:24'),(97,'m','2006-03-08','South Gwen','Malawi','1971-01-06 03:19:27','1983-07-10 12:21:49'),(98,'m','1976-04-14','South Mariah','Latvia','1995-03-21 19:18:35','2011-08-17 16:59:15'),(99,'f','2016-07-01','Port Kyra','Greece','2018-05-03 12:38:53','2019-08-21 17:45:56'),(100,'m','2015-10-25','Port Charliefort','Solomon Islands','1986-02-24 10:30:19','2006-01-31 08:38:11');
/*!40000 ALTER TABLE `profiles` ENABLE KEYS */;
UNLOCK TABLES;

--
-- Table structure for table `users`
--

DROP TABLE IF EXISTS `users`;
/*!40101 SET @saved_cs_client     = @@character_set_client */;
/*!50503 SET character_set_client = utf8mb4 */;
CREATE TABLE `users` (
  `id` int unsigned NOT NULL AUTO_INCREMENT COMMENT 'Идентификатор строки',
  `first_name` varchar(100) CHARACTER SET utf8 COLLATE utf8_unicode_ci NOT NULL COMMENT 'Имя пользователя',
  `last_name` varchar(100) CHARACTER SET utf8 COLLATE utf8_unicode_ci NOT NULL COMMENT 'Фамилия пользователя',
  `email` varchar(100) CHARACTER SET utf8 COLLATE utf8_unicode_ci NOT NULL COMMENT 'Почта',
  `phone` varchar(100) CHARACTER SET utf8 COLLATE utf8_unicode_ci NOT NULL COMMENT 'Телефон',
  `created_at` datetime DEFAULT CURRENT_TIMESTAMP COMMENT 'Время создания строки',
  `updated_at` datetime DEFAULT CURRENT_TIMESTAMP ON UPDATE CURRENT_TIMESTAMP COMMENT 'Время обновления строки',
  PRIMARY KEY (`id`),
  UNIQUE KEY `email` (`email`),
  UNIQUE KEY `phone` (`phone`)
) ENGINE=InnoDB AUTO_INCREMENT=101 DEFAULT CHARSET=utf8 COLLATE=utf8_unicode_ci COMMENT='Пользователи';
/*!40101 SET character_set_client = @saved_cs_client */;

--
-- Dumping data for table `users`
--

LOCK TABLES `users` WRITE;
/*!40000 ALTER TABLE `users` DISABLE KEYS */;
INSERT INTO `users` VALUES (1,'Evan','Kshlerin','scole@example.org','(290)441-0196','2017-12-09 10:12:38','2019-12-26 16:43:05'),(2,'Celia','Brekke','wellington.schmitt@example.com','1-445-320-7528x7153','2020-11-13 11:13:16','2014-06-17 03:07:06'),(3,'Osvaldo','Schneider','willis63@example.org','(218)647-1651','2018-12-21 16:16:11','2011-12-10 14:02:09'),(4,'Wava','Swaniawski','novella73@example.org','124-982-0022x4669','2019-04-23 12:00:03','2020-06-11 18:56:44'),(5,'Kristian','Bartoletti','ushanahan@example.net','073-202-1966x2052','2016-01-03 01:53:05','2016-06-22 05:53:47'),(6,'Ivory','Fisher','hillary.reichert@example.org','1-771-121-2950x336','2019-02-17 20:26:34','2011-10-30 14:32:10'),(7,'Selmer','Renner','joey01@example.net','(405)303-2798x6158','2015-01-08 01:30:00','2011-06-29 11:52:34'),(8,'Annalise','Hahn','stephania.kub@example.net','+28(7)7686738233','2013-12-23 05:22:59','2017-12-29 22:40:40'),(9,'Lillie','Schuster','llowe@example.net','466.383.2397','2012-08-15 17:54:55','2011-04-08 20:25:10'),(10,'Blake','Daniel','kiara95@example.com','634.854.7018x33879','2015-01-08 19:34:46','2016-06-05 22:20:05'),(11,'Jamal','Corkery','ullrich.ramon@example.org','689.123.8883','2017-11-04 16:59:39','2012-08-30 19:43:20'),(12,'Lizeth','Schamberger','akeem.walsh@example.org','06318104587','2020-10-25 11:56:53','2012-09-19 23:22:14'),(13,'Talia','Romaguera','fernser@example.org','(364)247-2958','2019-08-11 03:28:45','2013-06-18 16:55:37'),(14,'Andrew','Rice','elton.pacocha@example.net','1-185-121-2507x7198','2015-04-18 01:30:22','2019-05-31 23:20:47'),(15,'Jaleel','Kozey','jorge.mueller@example.net','170.763.4875x72744','2014-10-28 16:28:41','2013-12-23 10:17:42'),(16,'Kaylee','Fay','tobin18@example.com','06291685357','2013-01-26 12:56:47','2019-04-07 15:33:16'),(17,'Evert','Baumbach','obeatty@example.org','(978)559-5461x9474','2013-07-30 19:05:31','2015-12-28 05:21:20'),(18,'Gladys','Kohler','thiel.heloise@example.net','885.608.9892x629','2019-06-06 22:14:30','2018-01-21 22:24:34'),(19,'Kaitlyn','Torp','braulio06@example.org','214-466-8530x476','2012-05-04 07:59:03','2012-07-05 05:09:48'),(20,'Pierce','Renner','destiney.larkin@example.net','148-102-4475','2015-01-16 04:34:27','2019-11-01 04:04:46'),(21,'Trycia','Connelly','qzboncak@example.com','+01(9)3068282975','2014-07-26 15:51:46','2019-06-15 12:20:47'),(22,'Verla','Boyer','brett14@example.net','(511)231-1126x5208','2019-06-28 19:05:35','2014-02-22 09:10:18'),(23,'Judd','Considine','clarabelle.gulgowski@example.org','453.688.7922x83945','2013-05-28 18:52:55','2012-04-21 05:01:51'),(24,'Dagmar','Bosco','tremblay.rosalyn@example.com','348.913.5951x9911','2012-11-18 11:47:44','2012-08-09 18:11:46'),(25,'Madisen','Mills','boyle.paula@example.org','(497)601-8554x3236','2011-04-12 05:33:42','2014-07-23 00:59:13'),(26,'Gwen','Lowe','reese.cummings@example.org','08586637831','2015-10-18 14:38:38','2012-11-15 22:40:52'),(27,'Haley','Padberg','mwindler@example.net','874-867-8169','2011-04-11 19:41:35','2014-05-19 03:40:46'),(28,'Julianne','Cassin','yhoeger@example.net','+62(1)5694284127','2011-04-27 09:49:42','2017-02-10 07:09:44'),(29,'Barney','Dooley','cquitzon@example.com','634-848-4975','2016-07-03 15:22:48','2019-11-23 22:24:55'),(30,'Cathryn','Pfannerstill','antwon43@example.org','699-312-5296x761','2017-07-02 20:56:01','2011-12-15 17:38:05'),(31,'Rudolph','Pfannerstill','kcorkery@example.org','1-028-606-9427x73048','2013-06-26 17:41:02','2020-05-25 03:32:28'),(32,'Kirsten','Schmidt','ro\'conner@example.com','(381)027-0165x87087','2012-02-09 22:10:48','2020-03-23 06:00:00'),(33,'Briana','Orn','fritz.rau@example.net','(352)680-2820x105','2012-05-16 15:27:25','2013-02-20 19:08:45'),(34,'Rahsaan','Sipes','allen47@example.net','1-385-065-3009x592','2011-10-03 02:04:58','2015-05-10 08:21:29'),(35,'Alvis','Gutmann','twatsica@example.org','08501024867','2013-04-05 17:07:32','2015-05-26 11:25:40'),(36,'Antonette','Corkery','jconsidine@example.com','(132)582-1008','2018-11-02 08:53:44','2011-10-20 22:58:06'),(37,'Hosea','Nicolas','pagac.chaya@example.net','658.027.9515x148','2010-12-28 20:57:38','2012-06-29 08:06:42'),(38,'Kari','Dietrich','cristina.schamberger@example.org','1-596-359-4682x4480','2019-04-20 23:32:24','2013-01-28 21:55:35'),(39,'Cleora','Jones','constantin.rath@example.com','(552)794-0613','2011-12-27 21:09:37','2016-06-20 14:55:34'),(40,'Cyril','Schamberger','madge.keebler@example.net','1-864-137-4009x1538','2018-08-30 18:56:47','2018-07-02 05:17:40'),(41,'Geraldine','Stoltenberg','claud.oberbrunner@example.net','1-496-767-8766x903','2011-08-29 02:29:19','2013-03-17 16:14:56'),(42,'Cleta','West','daisha.sanford@example.net','1-289-994-0651x205','2010-11-28 18:51:51','2012-03-27 04:50:52'),(43,'Sally','Schamberger','jasper86@example.org','+35(2)8668598236','2012-07-13 20:42:17','2017-12-22 07:12:47'),(44,'Jerel','Barton','chet.schulist@example.net','(426)395-9582x8012','2013-07-02 18:09:10','2020-09-28 03:44:23'),(45,'Rosemary','Streich','meda.mills@example.org','838-470-5497x8534','2014-11-20 08:57:55','2016-05-02 10:32:27'),(46,'Broderick','Cole','xberge@example.org','713.643.0180x493','2012-07-29 00:05:56','2019-06-23 05:45:34'),(47,'Maude','Bergstrom','zstrosin@example.org','(874)623-7441x577','2020-10-15 22:11:56','2012-12-24 02:11:41'),(48,'Leo','Crooks','kreiger.coralie@example.org','+22(8)0339784447','2012-08-29 21:25:32','2018-04-08 20:32:22'),(49,'Hannah','Rau','dthompson@example.org','(147)813-7627x3998','2019-05-26 03:02:04','2015-02-16 20:07:16'),(50,'Karlee','Torp','jazmyn.schmidt@example.net','117.688.5836x2157','2016-08-05 01:57:39','2019-09-02 07:31:49'),(51,'Gabe','Rolfson','gaston.koelpin@example.com','314.823.1295','2014-04-28 22:21:25','2017-07-09 01:22:38'),(52,'Graham','Stamm','myriam52@example.com','1-329-474-7458','2013-11-14 13:44:37','2012-09-08 19:33:20'),(53,'Rocio','Conn','iwyman@example.org','1-914-495-7925x748','2015-05-31 00:41:39','2016-10-26 01:50:54'),(54,'Maymie','Russel','runte.sierra@example.net','011.898.7595x76992','2019-12-24 02:38:00','2020-04-30 16:54:53'),(55,'Mariah','Jones','gianni.pfeffer@example.org','360.780.4140','2011-04-02 04:08:41','2015-06-29 19:31:47'),(56,'Charlie','Blick','xmarks@example.org','(004)002-7746x4802','2013-04-04 23:16:24','2018-05-08 01:24:47'),(57,'Dorthy','Buckridge','mupton@example.net','00021317458','2011-05-19 12:07:34','2012-02-04 20:52:13'),(58,'Lia','Skiles','deontae.d\'amore@example.org','1-220-669-7453x588','2015-04-12 20:29:06','2014-05-25 22:28:35'),(59,'Margaret','Hayes','qmante@example.com','684-905-1421x3448','2016-12-15 17:36:30','2015-01-13 06:51:53'),(60,'Roslyn','Leannon','franecki.katheryn@example.com','517-178-0478x5334','2016-02-14 05:11:25','2017-11-28 23:08:53'),(61,'Caesar','Parker','bosco.vivienne@example.com','(507)527-3267','2020-04-26 00:29:18','2016-02-02 04:59:16'),(62,'Bud','Corwin','bridget.greenfelder@example.com','1-543-838-0687x29523','2013-04-14 12:51:24','2020-08-02 16:11:17'),(63,'Javon','Hane','izabella.collins@example.org','1-907-854-1266x1056','2018-12-28 14:11:58','2011-05-26 18:35:24'),(64,'Roberta','Morissette','haag.augustus@example.net','(044)416-6400x27598','2020-08-05 18:17:25','2019-07-17 20:57:50'),(65,'Elmer','Mertz','tanner.effertz@example.com','300-563-2491','2011-02-06 07:50:43','2013-03-31 18:37:14'),(66,'Cara','Flatley','smitham.zena@example.net','(956)900-5339x952','2020-05-15 00:10:45','2012-03-19 12:29:35'),(67,'Noemy','Treutel','jacobs.edd@example.net','07197634883','2013-04-27 05:47:50','2011-10-11 09:02:43'),(68,'Leilani','Hagenes','jeramy.block@example.org','781.114.2179','2012-10-14 20:44:06','2020-09-04 04:24:47'),(69,'Ryder','Schmitt','michael.lueilwitz@example.com','(351)575-1766','2018-01-05 01:30:46','2016-10-22 07:48:02'),(70,'Angelica','Carter','kuhn.scottie@example.net','(593)776-0017x0623','2013-09-09 10:54:08','2014-07-13 01:28:04'),(71,'Destin','Pfeffer','xwuckert@example.com','738-313-7087','2016-03-24 17:00:55','2016-03-09 13:07:04'),(72,'Ervin','Auer','jstehr@example.com','1-449-130-0969x11619','2013-12-12 00:04:18','2020-09-25 05:23:40'),(73,'Brock','Bednar','gretchen.daniel@example.net','134.573.5789x528','2017-04-05 01:20:38','2020-01-15 13:42:41'),(74,'Graciela','Dicki','rolfson.cesar@example.org','+47(0)8798472470','2015-01-10 02:21:48','2012-08-10 20:03:17'),(75,'Luella','Hahn','tony.raynor@example.net','671-614-0598x1305','2014-06-03 01:06:03','2013-11-23 06:12:16'),(76,'August','Grimes','dashawn23@example.com','644.056.9105','2014-11-20 12:07:58','2014-08-05 23:55:26'),(77,'Zander','Bashirian','leannon.joyce@example.net','551-538-7156x16974','2012-03-13 05:31:29','2012-07-01 17:14:51'),(78,'Addison','Casper','dromaguera@example.org','367.547.4085','2018-07-01 23:11:41','2017-07-19 05:24:38'),(79,'Germaine','Tremblay','heathcote.mariane@example.org','(468)779-6156x3105','2012-06-16 17:41:24','2013-01-13 14:12:55'),(80,'Roxanne','McCullough','jdach@example.com','1-645-518-3486x06269','2018-06-08 04:42:50','2014-12-20 07:57:36'),(81,'Asia','Hand','favian90@example.net','(485)864-4982','2011-03-13 00:26:12','2017-11-29 00:11:35'),(82,'Nils','Hauck','ccremin@example.com','995.211.9977','2014-06-28 02:18:22','2018-08-06 08:32:46'),(83,'Nora','Russel','kurtis47@example.com','(495)353-3218','2015-07-22 07:52:35','2020-04-30 01:55:15'),(84,'Chesley','Becker','mckenzie.sheila@example.org','297-801-3087','2019-10-29 15:11:24','2015-03-15 04:18:19'),(85,'Arlo','Mraz','shayna.klocko@example.net','(060)595-8362','2019-08-01 11:35:03','2019-09-25 02:50:08'),(86,'Blaze','Weissnat','geraldine.torp@example.net','1-454-464-2851','2019-12-07 11:45:28','2017-06-13 18:17:22'),(87,'Royce','Gaylord','mertz.willow@example.org','673-609-0366','2016-05-09 15:13:39','2013-07-08 01:59:11'),(88,'Haylee','Mraz','reynolds.willard@example.net','167-386-4624x743','2012-04-05 08:57:01','2015-01-25 09:38:32'),(89,'Joanie','Lynch','mdaugherty@example.net','+68(9)5828816747','2015-11-21 11:07:32','2010-12-02 04:09:16'),(90,'Oral','Terry','laverna.quigley@example.org','(954)510-4225x1759','2018-02-05 02:19:46','2014-09-30 08:36:38'),(91,'Chaim','Hilpert','hammes.maci@example.net','254.387.7553','2013-04-25 10:47:59','2015-08-17 09:09:45'),(92,'Laura','Tremblay','omann@example.net','412-088-7811x781','2010-12-17 19:48:29','2017-06-24 21:57:19'),(93,'Valerie','Schoen','pwiza@example.net','08595952863','2015-01-31 00:16:28','2015-02-13 21:58:21'),(94,'Lilla','Kuhn','lauriane.schmidt@example.org','04950936438','2017-11-06 21:46:29','2012-07-31 17:20:21'),(95,'Joan','Shields','meggie.dooley@example.net','376-610-3290','2014-03-26 03:57:51','2015-04-19 20:40:14'),(96,'Zackary','Swaniawski','graham.cordelia@example.org','(006)106-4499x2991','2016-05-09 03:54:33','2013-01-03 05:52:32'),(97,'Lina','Mann','jaycee66@example.net','692-470-5855x722','2012-09-27 03:03:43','2017-06-04 11:10:39'),(98,'Mathilde','Yost','hyman.boyer@example.com','1-369-817-0181x68974','2017-10-26 08:53:02','2013-03-10 18:36:20'),(99,'Lloyd','Rowe','lrempel@example.com','128-821-4003x48134','2015-09-05 10:54:18','2020-08-17 00:41:16'),(100,'Andre','Kris','ppollich@example.com','04612401372','2011-10-18 18:47:17','2017-06-25 02:10:00');
/*!40000 ALTER TABLE `users` ENABLE KEYS */;
UNLOCK TABLES;
/*!40103 SET TIME_ZONE=@OLD_TIME_ZONE */;

/*!40101 SET SQL_MODE=@OLD_SQL_MODE */;
/*!40014 SET FOREIGN_KEY_CHECKS=@OLD_FOREIGN_KEY_CHECKS */;
/*!40014 SET UNIQUE_CHECKS=@OLD_UNIQUE_CHECKS */;
/*!40101 SET CHARACTER_SET_CLIENT=@OLD_CHARACTER_SET_CLIENT */;
/*!40101 SET CHARACTER_SET_RESULTS=@OLD_CHARACTER_SET_RESULTS */;
/*!40101 SET COLLATION_CONNECTION=@OLD_COLLATION_CONNECTION */;
/*!40111 SET SQL_NOTES=@OLD_SQL_NOTES */;

-- Dump completed on 2020-11-13 20:14:48
